261,353,CRIMINAL DAMAGE
360,299,THEFT
293,405,THEFT
733,395,ASSAULT
300,389,THEFT
607,267,BATTERY
504,369,BATTERY
245,392,CRIMINAL DAMAGE
216,414,OTHER OFFENSE
259,467,OTHER OFFENSE
500,304,THEFT
689,318,ROBBERY
244,536,BATTERY
244,464,CRIMINAL TRESPASS
227,544,NARCOTICS
226,485,BATTERY
225,475,NARCOTICS
118,443,ASSAULT
546,368,THEFT
244,549,CRIMINAL DAMAGE
625,413,NARCOTICS
626,301,ROBBERY
519,442,THEFT
493,349,BURGLARY
286,360,THEFT
491,269,INTERFERENCE WITH PUBLIC OFFICER
448,411,MOTOR VEHICLE THEFT
519,442,THEFT
519,442,THEFT
482,351,MOTOR VEHICLE THEFT
499,289,INTERFERENCE WITH PUBLIC OFFICER
683,363,THEFT
325,335,CRIMINAL DAMAGE
488,315,ASSAULT
263,372,BATTERY
274,475,THEFT
607,425,CRIMINAL DAMAGE
707,24,OTHER OFFENSE
511,223,THEFT
209,479,THEFT
493,363,CRIMINAL DAMAGE
176,560,ASSAULT
503,247,OTHER OFFENSE
601,353,THEFT
797,377,ASSAULT
234,512,ASSAULT
603,358,THEFT
204,548,BATTERY
502,296,NARCOTICS
221,482,BURGLARY
492,422,ASSAULT
509,444,THEFT
563,413,DECEPTIVE PRACTICE
167,406,THEFT
615,405,THEFT
643,411,CRIMINAL TRESPASS
555,353,CRIMINAL DAMAGE
224,447,ASSAULT
309,400,THEFT
179,560,BATTERY
289,273,THEFT
257,359,MOTOR VEHICLE THEFT
527,463,THEFT
579,337,THEFT
210,334,ASSAULT
182,402,THEFT
284,477,THEFT
571,283,NARCOTICS
232,273,ASSAULT
528,246,NARCOTICS
502,444,THEFT
614,347,PUBLIC PEACE VIOLATION
493,359,MOTOR VEHICLE THEFT
491,296,NARCOTICS
95,474,THEFT
97,448,THEFT
245,399,BURGLARY
561,413,THEFT
566,413,THEFT
586,382,THEFT
483,264,THEFT
339,375,MOTOR VEHICLE THEFT
539,299,CRIMINAL DAMAGE
319,302,THEFT
567,433,MOTOR VEHICLE THEFT
305,300,THEFT
98,458,OTHER OFFENSE
766,344,BURGLARY
634,224,BATTERY
519,443,THEFT
512,415,THEFT
290,383,BATTERY
454,349,BATTERY
577,338,CRIMINAL DAMAGE
674,258,ASSAULT
256,521,BATTERY
619,335,BATTERY
695,217,THEFT
255,401,BATTERY
524,432,THEFT
239,448,ROBBERY
101,449,THEFT
393,446,THEFT
313,363,OTHER OFFENSE
433,318,ASSAULT
707,24,OTHER OFFENSE
582,260,BATTERY
609,324,CRIMINAL DAMAGE
215,387,BURGLARY
261,375,BATTERY
243,468,BATTERY
239,552,NARCOTICS
83,426,OTHER OFFENSE
544,301,NARCOTICS
287,460,NARCOTICS
497,444,THEFT
394,382,MOTOR VEHICLE THEFT
296,434,HOMICIDE
225,467,ASSAULT
504,259,THEFT
495,291,NARCOTICS
592,292,BATTERY
226,563,ASSAULT
290,332,BURGLARY
263,534,BATTERY
337,491,ROBBERY
308,305,MOTOR VEHICLE THEFT
144,582,OFFENSE INVOLVING CHILDREN
306,400,NARCOTICS
298,409,OFFENSE INVOLVING CHILDREN
228,430,THEFT
589,386,BATTERY
746,383,OTHER OFFENSE
661,314,THEFT
650,275,OTHER OFFENSE
690,310,ROBBERY
492,315,MOTOR VEHICLE THEFT
532,257,NARCOTICS
509,272,THEFT
395,461,BATTERY
520,300,NARCOTICS
606,319,BATTERY
317,374,NARCOTICS
417,324,THEFT
162,437,ASSAULT
179,406,OTHER OFFENSE
423,425,CRIMINAL DAMAGE
602,323,CRIMINAL DAMAGE
672,402,CRIMINAL TRESPASS
312,396,BURGLARY
561,265,BATTERY
313,372,THEFT
50,427,THEFT
129,405,BATTERY
696,238,THEFT
293,424,ASSAULT
701,26,THEFT
573,266,THEFT
524,452,DECEPTIVE PRACTICE
281,345,ASSAULT
94,387,OTHER OFFENSE
506,249,CRIMINAL DAMAGE
707,24,OTHER OFFENSE
287,308,CRIM SEXUAL ASSAULT
308,412,NARCOTICS
378,452,NARCOTICS
424,313,CRIMINAL DAMAGE
716,341,BURGLARY
321,371,THEFT
542,233,BATTERY
517,302,NARCOTICS
243,522,THEFT
157,581,THEFT
166,475,WEAPONS VIOLATION
600,337,MOTOR VEHICLE THEFT
588,228,THEFT
453,284,NARCOTICS
152,459,THEFT
505,444,THEFT
162,443,NARCOTICS
500,446,DECEPTIVE PRACTICE
738,350,THEFT
599,281,CRIMINAL DAMAGE
253,301,THEFT
680,397,BATTERY
225,485,WEAPONS VIOLATION
145,538,THEFT
607,257,CRIMINAL DAMAGE
555,428,BATTERY
529,236,NARCOTICS
338,449,BATTERY
518,455,BATTERY
286,424,ROBBERY
646,314,THEFT
456,289,ASSAULT
249,382,BATTERY
195,537,CRIMINAL TRESPASS
546,403,BURGLARY
218,352,ROBBERY
708,346,CRIMINAL DAMAGE
522,438,THEFT
305,309,MOTOR VEHICLE THEFT
95,589,BURGLARY
606,254,NARCOTICS
109,336,BURGLARY
343,388,CRIMINAL DAMAGE
453,420,MOTOR VEHICLE THEFT
283,298,ASSAULT
197,536,BURGLARY
631,289,BATTERY
163,449,DECEPTIVE PRACTICE
621,213,CRIMINAL DAMAGE
521,444,THEFT
541,239,OTHER OFFENSE
756,379,CRIMINAL DAMAGE
506,437,OTHER OFFENSE
646,354,BURGLARY
398,464,DECEPTIVE PRACTICE
548,308,ASSAULT
119,382,OTHER OFFENSE
202,374,THEFT
322,462,BATTERY
529,445,OTHER OFFENSE
189,504,CRIMINAL DAMAGE
244,408,BURGLARY
691,321,NARCOTICS
677,313,NARCOTICS
499,298,THEFT
505,320,DECEPTIVE PRACTICE
241,467,ROBBERY
156,455,BATTERY
87,423,BATTERY
327,438,THEFT
219,499,THEFT
63,425,THEFT
502,295,BURGLARY
469,342,THEFT
232,273,THEFT
314,314,BATTERY
129,405,BATTERY
591,328,BATTERY
60,429,BATTERY
276,330,CRIMINAL TRESPASS
536,442,BATTERY
419,293,NARCOTICS
555,372,THEFT
603,308,THEFT
438,314,KIDNAPPING
514,418,THEFT
285,347,BATTERY
384,436,OTHER OFFENSE
174,419,BATTERY
105,458,BATTERY
416,287,MOTOR VEHICLE THEFT
636,413,ROBBERY
224,463,NARCOTICS
125,538,MOTOR VEHICLE THEFT
171,488,CRIMINAL TRESPASS
248,539,THEFT
578,229,THEFT
493,278,OTHER OFFENSE
654,293,ROBBERY
720,400,THEFT
685,403,NARCOTICS
177,445,OTHER OFFENSE
223,469,BATTERY
704,232,THEFT
490,398,THEFT
606,234,BURGLARY
276,328,BATTERY
509,435,THEFT
484,327,BATTERY
540,266,CRIMINAL DAMAGE
567,355,THEFT
654,22,NARCOTICS
368,424,CRIMINAL DAMAGE
233,410,BURGLARY
87,404,MOTOR VEHICLE THEFT
503,254,THEFT
548,426,THEFT
286,481,OTHER OFFENSE
289,326,THEFT
311,387,BATTERY
489,283,NARCOTICS
792,377,ASSAULT
508,311,DECEPTIVE PRACTICE
267,499,OTHER OFFENSE
671,375,THEFT
488,304,ROBBERY
357,426,THEFT
507,441,THEFT
534,290,BATTERY
93,445,NARCOTICS
675,408,BATTERY
505,232,NARCOTICS
480,315,BURGLARY
704,35,OTHER OFFENSE
565,282,NARCOTICS
129,405,PUBLIC PEACE VIOLATION
520,264,THEFT
105,418,OTHER OFFENSE
301,402,BATTERY
190,420,OTHER OFFENSE
317,456,NARCOTICS
287,506,BATTERY
163,448,BATTERY
279,477,CRIMINAL DAMAGE
19,461,CRIMINAL DAMAGE
490,444,THEFT
195,526,THEFT
446,337,ASSAULT
758,326,NARCOTICS
133,533,OFFENSE INVOLVING CHILDREN
223,528,BATTERY
242,483,OFFENSE INVOLVING CHILDREN
332,440,CRIMINAL TRESPASS
556,412,THEFT
606,400,THEFT
624,404,THEFT
486,322,NARCOTICS
560,249,OTHER OFFENSE
319,241,THEFT
225,388,BATTERY
103,451,NARCOTICS
792,326,NARCOTICS
552,426,OTHER OFFENSE
505,327,NARCOTICS
557,351,ROBBERY
330,285,ASSAULT
517,434,THEFT
264,359,THEFT
414,291,PUBLIC PEACE VIOLATION
78,399,DECEPTIVE PRACTICE
275,301,ASSAULT
499,291,BATTERY
488,322,THEFT
237,542,BATTERY
477,223,BATTERY
514,445,OTHER OFFENSE
97,445,OTHER OFFENSE
379,451,ASSAULT
411,300,MOTOR VEHICLE THEFT
337,329,CRIMINAL DAMAGE
677,313,BATTERY
301,423,THEFT
345,270,CRIMINAL TRESPASS
514,393,ROBBERY
309,390,BURGLARY
227,459,BATTERY
16,566,BATTERY
731,379,THEFT
268,317,CRIMINAL DAMAGE
253,480,ASSAULT
548,384,ROBBERY
132,482,BATTERY
336,500,THEFT
281,352,OTHER OFFENSE
638,281,PUBLIC PEACE VIOLATION
508,375,ASSAULT
178,549,CRIMINAL DAMAGE
334,392,BATTERY
718,318,THEFT
547,232,THEFT
289,311,NARCOTICS
167,452,BURGLARY
480,341,NARCOTICS
269,300,BURGLARY
226,536,THEFT
675,403,BATTERY
367,344,NARCOTICS
470,330,NARCOTICS
670,404,THEFT
607,369,THEFT
194,380,ROBBERY
657,333,THEFT
470,312,OTHER OFFENSE
450,299,DECEPTIVE PRACTICE
108,492,THEFT
668,361,THEFT
407,311,ROBBERY
515,452,PROSTITUTION
509,449,THEFT
243,405,ROBBERY
519,299,BATTERY
553,259,OTHER OFFENSE
555,368,THEFT
306,345,NARCOTICS
237,540,NARCOTICS
261,389,BATTERY
561,266,DECEPTIVE PRACTICE
96,389,CRIMINAL TRESPASS
500,374,BATTERY
539,452,OTHER OFFENSE
498,278,NARCOTICS
67,450,BATTERY
249,536,BATTERY
491,442,MOTOR VEHICLE THEFT
637,289,THEFT
546,367,CRIMINAL TRESPASS
480,308,ROBBERY
53,432,BATTERY
451,316,BATTERY
244,352,THEFT
583,369,BURGLARY
203,407,THEFT
212,402,OTHER OFFENSE
626,228,CRIMINAL DAMAGE
255,517,MOTOR VEHICLE THEFT
89,467,MOTOR VEHICLE THEFT
524,323,ASSAULT
486,420,THEFT
280,334,BURGLARY
79,400,BATTERY
514,437,ROBBERY
394,460,THEFT
502,444,THEFT
494,240,THEFT
506,378,BATTERY
505,444,THEFT
210,359,THEFT
115,407,BURGLARY
483,343,THEFT
225,423,ASSAULT
483,444,NARCOTICS
537,303,NARCOTICS
652,202,DECEPTIVE PRACTICE
560,356,THEFT
232,395,THEFT
275,205,DECEPTIVE PRACTICE
462,283,NARCOTICS
558,434,THEFT
509,326,NARCOTICS
502,296,THEFT
525,307,ASSAULT
506,402,OTHER OFFENSE
151,413,ASSAULT
238,407,BURGLARY
213,403,THEFT
140,425,BATTERY
328,300,BATTERY
243,478,CRIMINAL DAMAGE
438,312,BATTERY
61,434,THEFT
37,431,OTHER OFFENSE
476,297,ROBBERY
495,370,CRIMINAL DAMAGE
162,402,THEFT
364,469,MOTOR VEHICLE THEFT
743,342,THEFT
483,344,NARCOTICS
326,273,ROBBERY
292,387,PUBLIC PEACE VIOLATION
590,416,THEFT
568,354,MOTOR VEHICLE THEFT
562,428,DECEPTIVE PRACTICE
322,226,NARCOTICS
683,315,DECEPTIVE PRACTICE
610,344,THEFT
316,368,BATTERY
133,515,MOTOR VEHICLE THEFT
272,511,NARCOTICS
225,461,BATTERY
241,467,NARCOTICS
349,454,NARCOTICS
550,442,THEFT
250,424,MOTOR VEHICLE THEFT
359,388,LIQUOR LAW VIOLATION
445,298,NARCOTICS
229,410,ASSAULT
256,351,CRIMINAL DAMAGE
515,442,BATTERY
504,232,NARCOTICS
513,414,THEFT
555,414,CRIMINAL DAMAGE
526,429,LIQUOR LAW VIOLATION
101,591,BURGLARY
279,380,BATTERY
252,545,BATTERY
223,399,BATTERY
397,363,CRIMINAL DAMAGE
496,445,THEFT
410,294,WEAPONS VIOLATION
635,291,THEFT
223,388,ASSAULT
220,486,BATTERY
111,407,CRIMINAL DAMAGE
294,299,NARCOTICS
454,382,OTHER OFFENSE
462,288,THEFT
310,401,BURGLARY
353,469,MOTOR VEHICLE THEFT
669,316,THEFT
212,484,BURGLARY
197,521,THEFT
654,280,DECEPTIVE PRACTICE
598,394,THEFT
170,532,ASSAULT
259,452,CRIMINAL TRESPASS
314,422,BATTERY
455,301,BURGLARY
502,415,THEFT
345,468,ROBBERY
282,463,BATTERY
223,387,BATTERY
632,353,THEFT
287,322,BATTERY
264,443,CRIMINAL DAMAGE
639,402,PUBLIC PEACE VIOLATION
672,384,BURGLARY
498,227,BURGLARY
749,387,CRIMINAL TRESPASS
163,445,MOTOR VEHICLE THEFT
605,320,THEFT
518,260,NARCOTICS
692,317,OTHER OFFENSE
132,474,ROBBERY
387,328,ASSAULT
645,131,CRIMINAL DAMAGE
207,478,CRIMINAL DAMAGE
496,334,ROBBERY
686,323,BATTERY
563,410,DECEPTIVE PRACTICE
330,329,BATTERY
526,248,NARCOTICS
501,449,THEFT
638,332,THEFT
161,580,MOTOR VEHICLE THEFT
568,223,BATTERY
501,227,NARCOTICS
509,318,THEFT
250,377,BATTERY
589,417,BATTERY
351,388,MOTOR VEHICLE THEFT
269,332,BATTERY
513,414,THEFT
621,195,MOTOR VEHICLE THEFT
132,456,ASSAULT
101,479,BATTERY
242,502,ROBBERY
527,431,BATTERY
220,456,BATTERY
311,374,PUBLIC PEACE VIOLATION
141,582,BATTERY
312,307,BATTERY
473,353,PUBLIC PEACE VIOLATION
725,387,BURGLARY
625,269,BATTERY
542,382,THEFT
315,388,BATTERY
211,443,THEFT
194,393,CRIMINAL DAMAGE
586,219,THEFT
16,571,ROBBERY
546,443,THEFT
523,329,MOTOR VEHICLE THEFT
132,448,THEFT
448,392,CRIMINAL TRESPASS
110,417,OFFENSE INVOLVING CHILDREN
349,468,NARCOTICS
199,404,ASSAULT
188,559,OTHER OFFENSE
358,476,DECEPTIVE PRACTICE
479,353,ASSAULT
320,372,ROBBERY
172,401,INTERFERENCE WITH PUBLIC OFFICER
286,423,THEFT
191,559,ASSAULT
232,273,THEFT
207,435,THEFT
505,444,THEFT
495,286,NARCOTICS
525,318,NARCOTICS
55,406,BATTERY
336,287,MOTOR VEHICLE THEFT
509,444,THEFT
161,405,ROBBERY
742,386,THEFT
425,335,BATTERY
159,532,HOMICIDE
751,362,CRIMINAL DAMAGE
271,503,THEFT
267,512,NARCOTICS
324,460,MOTOR VEHICLE THEFT
257,477,MOTOR VEHICLE THEFT
287,350,BATTERY
155,430,MOTOR VEHICLE THEFT
264,503,ROBBERY
127,434,BATTERY
361,468,CRIMINAL DAMAGE
310,457,THEFT
642,390,CRIMINAL TRESPASS
581,352,THEFT
315,363,BATTERY
725,386,OFFENSE INVOLVING CHILDREN
127,409,OTHER OFFENSE
635,292,THEFT
22,560,THEFT
509,385,THEFT
559,180,BURGLARY
293,477,CRIM SEXUAL ASSAULT
530,303,CRIMINAL DAMAGE
219,301,MOTOR VEHICLE THEFT
632,283,BURGLARY
305,393,BATTERY
719,399,THEFT
680,348,THEFT
355,379,BATTERY
239,552,BURGLARY
682,385,CRIMINAL DAMAGE
126,593,MOTOR VEHICLE THEFT
504,401,THEFT
505,441,ASSAULT
315,508,ASSAULT
530,380,OTHER OFFENSE
526,451,THEFT
559,426,THEFT
535,316,NARCOTICS
681,399,BATTERY
281,228,DECEPTIVE PRACTICE
577,310,BATTERY
589,186,BURGLARY
593,371,CRIMINAL DAMAGE
497,442,THEFT
461,395,THEFT
494,278,NARCOTICS
576,263,THEFT
714,400,THEFT
540,450,THEFT
536,450,THEFT
317,437,BATTERY
467,358,BATTERY
629,298,CRIMINAL DAMAGE
266,516,BURGLARY
743,354,OTHER OFFENSE
193,442,NARCOTICS
124,575,THEFT
465,427,THEFT
70,445,BATTERY
405,387,THEFT
522,444,THEFT
520,370,THEFT
212,414,BATTERY
222,385,BATTERY
590,203,DECEPTIVE PRACTICE
499,441,THEFT
636,411,THEFT
232,560,ASSAULT
593,343,THEFT
486,322,NARCOTICS
496,237,MOTOR VEHICLE THEFT
433,344,CRIMINAL TRESPASS
663,286,CRIMINAL DAMAGE
183,555,NARCOTICS
457,292,OTHER OFFENSE
685,286,NARCOTICS
311,282,CRIMINAL DAMAGE
283,272,THEFT
499,298,NARCOTICS
480,323,ASSAULT
537,382,THEFT
565,351,CRIMINAL DAMAGE
157,458,ROBBERY
320,285,BATTERY
502,444,OTHER OFFENSE
235,555,SEX OFFENSE
219,480,BURGLARY
739,395,PUBLIC PEACE VIOLATION
86,322,CRIMINAL DAMAGE
395,461,OTHER OFFENSE
527,318,BATTERY
116,438,BURGLARY
376,343,CRIMINAL DAMAGE
118,463,BURGLARY
549,266,PROSTITUTION
592,234,THEFT
570,236,OTHER OFFENSE
658,367,CRIMINAL DAMAGE
469,341,BATTERY
306,420,BATTERY
333,344,BURGLARY
315,411,ASSAULT
626,385,THEFT
481,435,DECEPTIVE PRACTICE
505,444,THEFT
549,248,THEFT
635,235,CRIMINAL TRESPASS
525,365,THEFT
523,318,NARCOTICS
179,402,ASSAULT
358,320,THEFT
218,355,BATTERY
310,302,BURGLARY
558,413,THEFT
346,483,THEFT
314,409,BATTERY
597,195,CRIMINAL DAMAGE
236,423,ROBBERY
19,464,THEFT
504,230,THEFT
151,496,CRIMINAL DAMAGE
98,309,ASSAULT
423,451,THEFT
538,450,DECEPTIVE PRACTICE
120,464,CRIMINAL DAMAGE
677,127,BATTERY
317,493,ROBBERY
614,401,THEFT
550,343,THEFT
269,364,MOTOR VEHICLE THEFT
346,388,BATTERY
315,388,CRIMINAL DAMAGE
100,413,BATTERY
280,462,BURGLARY
626,379,BURGLARY
478,298,ROBBERY
526,396,BURGLARY
531,351,THEFT
101,440,OTHER OFFENSE
116,444,NARCOTICS
305,300,CRIMINAL DAMAGE
34,416,ROBBERY
297,403,ASSAULT
295,300,CRIMINAL DAMAGE
190,479,ROBBERY
221,485,NARCOTICS
120,545,BURGLARY
612,344,BATTERY
500,374,NARCOTICS
493,356,NARCOTICS
766,154,BATTERY
545,225,NARCOTICS
94,398,MOTOR VEHICLE THEFT
354,329,CRIMINAL DAMAGE
305,183,THEFT
667,216,CRIMINAL DAMAGE
365,470,BATTERY
236,419,BATTERY
526,246,THEFT
423,349,THEFT
18,472,PUBLIC PEACE VIOLATION
123,552,INTERFERENCE WITH PUBLIC OFFICER
417,445,THEFT
609,438,MOTOR VEHICLE THEFT
689,241,BATTERY
795,386,CRIMINAL DAMAGE
152,451,CRIMINAL DAMAGE
168,421,THEFT
94,411,NARCOTICS
240,544,MOTOR VEHICLE THEFT
138,412,OTHER OFFENSE
425,300,BURGLARY
705,28,NARCOTICS
492,370,OTHER OFFENSE
469,447,THEFT
312,494,BATTERY
547,354,BATTERY
496,422,CRIMINAL TRESPASS
336,500,ASSAULT
169,444,CRIMINAL TRESPASS
665,388,THEFT
732,324,OTHER OFFENSE
56,420,ROBBERY
493,356,NARCOTICS
522,318,NARCOTICS
518,446,PUBLIC PEACE VIOLATION
365,451,DECEPTIVE PRACTICE
331,452,OTHER OFFENSE
482,316,NARCOTICS
505,441,DECEPTIVE PRACTICE
544,446,DECEPTIVE PRACTICE
561,256,NARCOTICS
283,389,ROBBERY
213,535,BURGLARY
258,408,THEFT
274,373,ASSAULT
164,459,THEFT
643,390,THEFT
552,366,THEFT
326,508,THEFT
101,454,BATTERY
278,466,CRIMINAL DAMAGE
201,303,THEFT
696,118,CRIMINAL DAMAGE
27,484,BATTERY
235,544,BURGLARY
647,275,ASSAULT
603,302,THEFT
266,512,ROBBERY
227,405,THEFT
109,316,OFFENSE INVOLVING CHILDREN
348,419,NARCOTICS
531,370,ROBBERY
289,404,NARCOTICS
707,24,THEFT
469,328,BATTERY
389,354,MOTOR VEHICLE THEFT
712,320,THEFT
693,295,BATTERY
558,223,CRIMINAL DAMAGE
502,439,THEFT
497,400,BURGLARY
212,320,ROBBERY
548,362,CRIMINAL TRESPASS
324,273,BATTERY
679,396,THEFT
545,385,THEFT
489,300,NARCOTICS
527,373,BATTERY
79,367,MOTOR VEHICLE THEFT
225,521,CRIMINAL DAMAGE
527,246,CRIMINAL DAMAGE
336,461,MOTOR VEHICLE THEFT
507,452,ROBBERY
275,351,CRIMINAL DAMAGE
232,524,CRIMINAL DAMAGE
255,446,THEFT
311,378,BATTERY
702,383,ASSAULT
742,311,CRIM SEXUAL ASSAULT
552,428,THEFT
769,359,BURGLARY
352,388,THEFT
662,239,CRIMINAL DAMAGE
339,330,MOTOR VEHICLE THEFT
469,447,CRIMINAL TRESPASS
250,483,THEFT
362,449,ASSAULT
618,193,BURGLARY
653,267,ASSAULT
719,399,ROBBERY
729,347,THEFT
282,486,THEFT
318,504,THEFT
531,238,CRIMINAL DAMAGE
417,442,OTHER OFFENSE
406,292,NARCOTICS
83,464,BATTERY
484,261,BATTERY
496,437,THEFT
451,327,BATTERY
467,427,THEFT
91,580,BATTERY
282,352,BURGLARY
549,438,OTHER OFFENSE
555,225,THEFT
555,376,THEFT
692,403,BATTERY
493,262,CRIMINAL DAMAGE
469,305,CRIMINAL TRESPASS
413,459,THEFT
499,292,NARCOTICS
681,403,CRIMINAL TRESPASS
561,270,THEFT
494,323,BATTERY
513,237,PUBLIC PEACE VIOLATION
502,334,OTHER OFFENSE
182,413,BATTERY
473,337,NARCOTICS
543,343,BURGLARY
526,237,THEFT
445,410,DECEPTIVE PRACTICE
701,351,DECEPTIVE PRACTICE
502,426,THEFT
165,449,BATTERY
163,490,BATTERY
146,582,OTHER OFFENSE
520,417,BATTERY
573,310,CRIMINAL DAMAGE
451,454,ROBBERY
173,457,CRIMINAL DAMAGE
420,420,MOTOR VEHICLE THEFT
497,436,THEFT
542,384,THEFT
77,446,CRIMINAL DAMAGE
423,330,BATTERY
691,318,THEFT
120,443,NARCOTICS
623,323,OTHER OFFENSE
337,459,CRIMINAL DAMAGE
615,286,BATTERY
420,291,BURGLARY
682,398,NARCOTICS
436,307,PUBLIC PEACE VIOLATION
243,371,ROBBERY
632,405,BATTERY
287,460,ASSAULT
253,519,BURGLARY
95,381,CRIMINAL DAMAGE
439,379,MOTOR VEHICLE THEFT
653,263,CRIMINAL DAMAGE
313,385,ASSAULT
313,247,NARCOTICS
197,484,OTHER OFFENSE
713,232,ROBBERY
410,403,MOTOR VEHICLE THEFT
493,270,CRIMINAL DAMAGE
577,384,ROBBERY
650,238,BATTERY
563,211,THEFT
610,244,ARSON
573,348,BATTERY
548,426,BURGLARY
645,360,BURGLARY
389,464,BATTERY
661,356,BURGLARY
529,234,NARCOTICS
433,326,THEFT
732,361,THEFT
275,436,OTHER OFFENSE
469,447,DECEPTIVE PRACTICE
581,406,BURGLARY
221,361,ROBBERY
552,341,OTHER OFFENSE
375,352,BURGLARY
483,337,NARCOTICS
100,387,THEFT
593,377,THEFT
529,244,BATTERY
171,479,ROBBERY
615,209,BATTERY
315,452,BATTERY
284,331,ROBBERY
520,262,BURGLARY
542,305,BATTERY
638,281,ASSAULT
554,225,NARCOTICS
498,227,BATTERY
238,556,OFFENSE INVOLVING CHILDREN
495,326,THEFT
333,454,NARCOTICS
565,408,BURGLARY
237,509,BATTERY
632,398,THEFT
707,24,OTHER OFFENSE
95,429,THEFT
351,351,BURGLARY
332,392,OTHER OFFENSE
296,389,BATTERY
660,411,MOTOR VEHICLE THEFT
632,353,THEFT
607,280,ASSAULT
130,471,ROBBERY
220,354,BURGLARY
539,368,PUBLIC PEACE VIOLATION
273,334,ROBBERY
351,483,ASSAULT
541,446,THEFT
306,459,BATTERY
133,450,NARCOTICS
502,426,BATTERY
504,413,THEFT
516,418,THEFT
493,258,BATTERY
742,336,CRIMINAL DAMAGE
347,346,NARCOTICS
633,234,THEFT
556,288,OTHER OFFENSE
249,393,OTHER OFFENSE
262,419,BURGLARY
682,369,BATTERY
474,427,THEFT
499,276,PROSTITUTION
283,389,ROBBERY
771,374,CRIMINAL TRESPASS
561,270,THEFT
493,370,THEFT
507,447,DECEPTIVE PRACTICE
169,411,ROBBERY
145,541,THEFT
529,228,NARCOTICS
437,377,WEAPONS VIOLATION
553,321,THEFT
593,382,THEFT
735,392,THEFT
144,534,OTHER OFFENSE
604,322,THEFT
506,403,BATTERY
556,235,MOTOR VEHICLE THEFT
634,305,ROBBERY
449,308,MOTOR VEHICLE THEFT
547,380,BATTERY
451,423,ASSAULT
181,393,THEFT
459,396,BATTERY
594,409,BURGLARY
616,419,THEFT
578,372,THEFT
614,186,CRIMINAL DAMAGE
654,293,ROBBERY
361,429,CRIM SEXUAL ASSAULT
237,408,BATTERY
469,330,NARCOTICS
399,455,THEFT
402,309,CRIMINAL TRESPASS
315,491,OTHER OFFENSE
217,552,DECEPTIVE PRACTICE
177,419,BATTERY
562,249,CRIMINAL DAMAGE
497,281,NARCOTICS
768,386,BATTERY
625,412,BATTERY
741,208,CRIMINAL DAMAGE
167,433,THEFT
249,489,CRIMINAL DAMAGE
275,360,ROBBERY
504,289,MOTOR VEHICLE THEFT
546,360,THEFT
558,387,THEFT
518,260,NARCOTICS
683,242,BATTERY
530,386,ASSAULT
223,390,THEFT
537,444,THEFT
466,393,THEFT
374,330,THEFT
593,406,THEFT
502,383,MOTOR VEHICLE THEFT
523,250,CRIMINAL DAMAGE
95,382,ASSAULT
525,464,BURGLARY
428,324,BATTERY
523,248,THEFT
607,213,THEFT
348,268,NARCOTICS
498,278,PROSTITUTION
291,475,OTHER OFFENSE
274,477,THEFT
577,358,THEFT
286,336,BATTERY
250,496,ROBBERY
539,356,DECEPTIVE PRACTICE
546,347,THEFT
692,399,CRIMINAL DAMAGE
483,292,BATTERY
443,448,THEFT
97,454,NARCOTICS
497,323,PUBLIC PEACE VIOLATION
393,384,THEFT
333,491,THEFT
547,239,NARCOTICS
550,377,BURGLARY
229,542,BATTERY
507,448,DECEPTIVE PRACTICE
589,247,BATTERY
579,367,THEFT
491,296,NARCOTICS
510,363,THEFT
705,115,CRIMINAL DAMAGE
590,187,BATTERY
531,447,OTHER OFFENSE
115,387,CRIMINAL DAMAGE
423,352,CRIMINAL DAMAGE
493,252,BATTERY
228,381,BATTERY
568,260,OTHER OFFENSE
489,281,BATTERY
85,390,BATTERY
77,447,PUBLIC PEACE VIOLATION
544,404,CRIM SEXUAL ASSAULT
500,363,THEFT
630,419,BATTERY
413,406,CRIMINAL DAMAGE
249,375,BATTERY
315,306,CRIMINAL DAMAGE
228,493,CRIMINAL DAMAGE
546,440,THEFT
84,355,CRIMINAL DAMAGE
533,307,BATTERY
733,327,ASSAULT
483,372,BATTERY
100,407,CRIMINAL TRESPASS
220,410,CRIMINAL TRESPASS
479,337,THEFT
219,434,BURGLARY
284,343,WEAPONS VIOLATION
281,288,BURGLARY
316,374,BATTERY
499,276,OTHER OFFENSE
32,417,OFFENSE INVOLVING CHILDREN
282,226,NARCOTICS
529,385,NARCOTICS
613,239,BATTERY
321,300,MOTOR VEHICLE THEFT
497,443,THEFT
369,469,BATTERY
529,451,THEFT
85,427,OTHER OFFENSE
497,444,THEFT
61,461,CRIMINAL DAMAGE
244,456,BATTERY
368,477,BATTERY
508,249,NARCOTICS
482,316,NARCOTICS
442,312,PUBLIC PEACE VIOLATION
237,428,BATTERY
324,332,BATTERY
656,306,CRIMINAL DAMAGE
653,265,THEFT
357,484,THEFT
593,334,BATTERY
64,450,CRIMINAL DAMAGE
288,466,BATTERY
298,384,BATTERY
712,399,THEFT
327,493,ROBBERY
284,462,CRIMINAL TRESPASS
484,357,THEFT
552,425,THEFT
505,444,THEFT
632,250,MOTOR VEHICLE THEFT
300,326,BURGLARY
560,241,INTERFERENCE WITH PUBLIC OFFICER
561,292,BATTERY
497,235,BATTERY
201,352,CRIMINAL DAMAGE
601,233,NARCOTICS
548,437,NARCOTICS
583,320,THEFT
512,461,BATTERY
128,434,BATTERY
75,435,THEFT
614,242,OTHER OFFENSE
540,347,THEFT
334,293,ROBBERY
413,405,ROBBERY
503,239,BATTERY
519,442,BATTERY
542,391,THEFT
541,245,ROBBERY
566,345,BURGLARY
495,250,ROBBERY
320,440,BURGLARY
512,239,THEFT
313,337,BATTERY
590,211,OTHER OFFENSE
244,388,ASSAULT
347,322,CRIMINAL TRESPASS
289,485,BATTERY
166,450,THEFT
586,221,DECEPTIVE PRACTICE
552,308,NARCOTICS
431,320,CRIMINAL DAMAGE
175,521,CRIMINAL DAMAGE
296,409,THEFT
502,437,OTHER OFFENSE
440,445,THEFT
468,305,OTHER OFFENSE
599,413,THEFT
291,337,NARCOTICS
463,292,BATTERY
492,321,CRIMINAL DAMAGE
344,479,CRIMINAL DAMAGE
577,310,DECEPTIVE PRACTICE
320,440,THEFT
623,341,CRIMINAL DAMAGE
696,382,ASSAULT
553,314,BATTERY
504,434,THEFT
511,449,THEFT
453,323,BATTERY
232,421,CRIMINAL DAMAGE
83,400,DECEPTIVE PRACTICE
285,380,ROBBERY
455,279,BATTERY
586,337,CRIMINAL TRESPASS
427,386,BURGLARY
277,481,CRIMINAL DAMAGE
438,349,THEFT
513,402,CRIMINAL DAMAGE
624,343,MOTOR VEHICLE THEFT
409,285,BURGLARY
561,270,THEFT
386,425,CRIMINAL DAMAGE
272,518,OTHER OFFENSE
276,360,OTHER OFFENSE
509,315,BATTERY
272,347,BATTERY
546,247,CRIMINAL DAMAGE
124,409,CRIMINAL DAMAGE
476,332,CRIMINAL DAMAGE
530,306,NARCOTICS
225,444,THEFT
624,391,CRIMINAL DAMAGE
526,373,OTHER OFFENSE
326,329,NARCOTICS
765,359,BATTERY
777,328,CRIMINAL DAMAGE
562,319,WEAPONS VIOLATION
499,295,CRIMINAL DAMAGE
263,353,THEFT
108,444,BATTERY
301,350,THEFT
63,443,BURGLARY
159,530,BURGLARY
205,533,BATTERY
230,539,CRIMINAL DAMAGE
541,375,THEFT
216,404,THEFT
547,384,CRIMINAL DAMAGE
19,568,CRIMINAL DAMAGE
730,398,THEFT
308,418,THEFT
595,319,BURGLARY
232,273,THEFT
260,355,CRIMINAL DAMAGE
272,425,BURGLARY
89,466,THEFT
275,360,CRIMINAL TRESPASS
364,486,BURGLARY
711,350,MOTOR VEHICLE THEFT
559,416,OTHER OFFENSE
549,383,THEFT
624,275,THEFT
639,207,CRIMINAL TRESPASS
250,371,BURGLARY
322,405,BATTERY
262,427,BATTERY
108,492,THEFT
533,448,THEFT
315,348,BURGLARY
287,336,MOTOR VEHICLE THEFT
605,201,THEFT
530,389,THEFT
546,324,BATTERY
202,376,ROBBERY
570,219,BURGLARY
605,201,THEFT
628,293,ROBBERY
266,509,CRIMINAL DAMAGE
578,176,BURGLARY
743,359,MOTOR VEHICLE THEFT
271,419,CRIMINAL TRESPASS
519,232,BATTERY
714,162,KIDNAPPING
313,459,THEFT
661,403,THEFT
109,361,ROBBERY
390,453,BATTERY
332,369,MOTOR VEHICLE THEFT
499,280,CRIMINAL DAMAGE
77,422,MOTOR VEHICLE THEFT
597,284,HOMICIDE
288,275,BATTERY
646,175,MOTOR VEHICLE THEFT
216,422,CRIM SEXUAL ASSAULT
294,477,ROBBERY
437,336,CRIMINAL DAMAGE
244,402,HOMICIDE
291,450,BATTERY
655,357,CRIMINAL DAMAGE
379,352,BATTERY
485,270,THEFT
670,341,MOTOR VEHICLE THEFT
408,291,THEFT
606,252,ASSAULT
247,471,BURGLARY
329,287,CRIMINAL DAMAGE
141,414,CRIMINAL DAMAGE
177,560,THEFT
198,409,BURGLARY
546,249,CRIMINAL DAMAGE
545,346,ASSAULT
698,120,MOTOR VEHICLE THEFT
225,388,OTHER OFFENSE
474,224,BATTERY
173,492,CRIMINAL DAMAGE
501,257,BATTERY
333,463,BATTERY
648,209,THEFT
253,451,BATTERY
409,293,MOTOR VEHICLE THEFT
164,416,THEFT
628,250,BATTERY
457,323,ROBBERY
315,418,ROBBERY
224,484,BATTERY
457,308,BATTERY
255,528,BATTERY
526,249,THEFT
502,369,BATTERY
331,349,CRIMINAL DAMAGE
533,429,THEFT
389,464,BATTERY
205,541,THEFT
192,419,BATTERY
707,24,OTHER OFFENSE
565,225,BATTERY
95,455,THEFT
101,385,THEFT
543,303,BATTERY
227,555,BATTERY
653,261,THEFT
450,450,THEFT
82,425,BATTERY
575,347,CRIMINAL DAMAGE
506,444,DECEPTIVE PRACTICE
327,410,ASSAULT
425,322,NARCOTICS
484,242,ROBBERY
366,387,BATTERY
493,238,NARCOTICS
480,332,NARCOTICS
491,238,CRIMINAL DAMAGE
566,249,BATTERY
314,452,NARCOTICS
512,237,THEFT
238,306,THEFT
535,434,THEFT
424,295,CRIMINAL DAMAGE
531,238,NARCOTICS
200,478,THEFT
262,447,DECEPTIVE PRACTICE
467,224,CRIMINAL TRESPASS
787,380,ASSAULT
28,466,OTHER OFFENSE
455,424,BURGLARY
256,522,INTERFERENCE WITH PUBLIC OFFICER
447,342,BATTERY
495,283,BATTERY
498,255,NARCOTICS
161,397,ASSAULT
228,520,OTHER OFFENSE
321,345,CRIMINAL DAMAGE
252,477,BATTERY
166,421,INTERFERENCE WITH PUBLIC OFFICER
324,300,BATTERY
453,382,NARCOTICS
550,307,ROBBERY
714,375,THEFT
605,332,CRIMINAL DAMAGE
35,427,ROBBERY
604,423,CRIMINAL DAMAGE
317,330,CRIMINAL DAMAGE
785,363,CRIMINAL DAMAGE
566,377,MOTOR VEHICLE THEFT
592,281,CRIMINAL DAMAGE
522,237,THEFT
249,537,THEFT
555,249,BATTERY
300,359,BURGLARY
702,32,THEFT
352,479,THEFT
502,279,BATTERY
460,298,NARCOTICS
557,447,DECEPTIVE PRACTICE
763,169,OTHER OFFENSE
486,356,DECEPTIVE PRACTICE
654,22,NARCOTICS
225,565,BURGLARY
579,432,THEFT
456,318,BATTERY
736,187,THEFT
267,521,THEFT
321,416,OTHER OFFENSE
412,293,MOTOR VEHICLE THEFT
521,412,PROSTITUTION
492,368,CRIMINAL TRESPASS
341,329,MOTOR VEHICLE THEFT
256,408,ASSAULT
310,402,NARCOTICS
512,444,OTHER OFFENSE
301,455,NARCOTICS
498,392,THEFT
465,321,WEAPONS VIOLATION
538,450,DECEPTIVE PRACTICE
589,284,BURGLARY
316,440,PUBLIC PEACE VIOLATION
325,234,THEFT
208,391,NARCOTICS
210,390,THEFT
731,171,THEFT
330,416,BATTERY
485,267,NARCOTICS
620,381,MOTOR VEHICLE THEFT
304,358,MOTOR VEHICLE THEFT
520,430,THEFT
581,372,THEFT
199,398,THEFT
552,242,DECEPTIVE PRACTICE
192,490,THEFT
305,330,CRIMINAL TRESPASS
315,421,THEFT
237,556,BATTERY
396,409,CRIMINAL DAMAGE
300,418,NARCOTICS
264,507,ROBBERY
522,439,THEFT
533,335,MOTOR VEHICLE THEFT
635,381,MOTOR VEHICLE THEFT
766,383,DECEPTIVE PRACTICE
482,320,NARCOTICS
254,401,NARCOTICS
491,267,NARCOTICS
407,300,CRIMINAL DAMAGE
283,409,BATTERY
430,317,NARCOTICS
309,434,CRIMINAL DAMAGE
502,340,BATTERY
212,482,NARCOTICS
532,439,DECEPTIVE PRACTICE
607,425,CRIMINAL TRESPASS
509,391,THEFT
127,578,BATTERY
161,463,CRIMINAL DAMAGE
244,362,BATTERY
381,355,BATTERY
507,392,THEFT
243,506,ASSAULT
476,403,BURGLARY
593,282,BATTERY
549,442,THEFT
610,186,MOTOR VEHICLE THEFT
229,518,BATTERY
625,312,CRIMINAL DAMAGE
674,406,CRIMINAL DAMAGE
283,479,ASSAULT
539,231,CRIMINAL DAMAGE
299,186,THEFT
158,435,THEFT
251,418,THEFT
592,388,BURGLARY
254,377,OTHER OFFENSE
253,421,CRIMINAL DAMAGE
359,456,OTHER OFFENSE
514,237,THEFT
310,314,DECEPTIVE PRACTICE
451,320,WEAPONS VIOLATION
317,379,NARCOTICS
482,316,NARCOTICS
190,405,NARCOTICS
504,249,BATTERY
233,546,CRIMINAL DAMAGE
590,192,OTHER OFFENSE
322,390,BURGLARY
586,352,OTHER OFFENSE
743,321,THEFT
538,449,THEFT
114,545,BURGLARY
502,442,THEFT
518,260,NARCOTICS
607,265,NARCOTICS
573,369,THEFT
737,349,ASSAULT
162,560,OTHER OFFENSE
193,504,ASSAULT
493,301,THEFT
273,306,BATTERY
178,559,THEFT
529,262,NARCOTICS
257,439,BURGLARY
528,458,THEFT
272,391,THEFT
71,447,BATTERY
499,256,ROBBERY
254,448,ROBBERY
133,533,CRIMINAL TRESPASS
393,414,CRIMINAL TRESPASS
246,367,ROBBERY
509,296,DECEPTIVE PRACTICE
332,455,CRIMINAL TRESPASS
489,267,NARCOTICS
286,338,OTHER OFFENSE
684,295,THEFT
316,372,NARCOTICS
563,378,CRIMINAL DAMAGE
523,469,THEFT
747,365,CRIMINAL TRESPASS
235,418,NARCOTICS
595,257,BURGLARY
624,336,NARCOTICS
606,306,BURGLARY
546,288,ROBBERY
721,202,THEFT
466,299,ROBBERY
593,377,THEFT
200,469,MOTOR VEHICLE THEFT
252,492,CRIMINAL DAMAGE
225,531,BATTERY
177,387,ASSAULT
294,352,BATTERY
512,392,THEFT
468,291,BATTERY
582,392,BATTERY
541,368,THEFT
346,397,BATTERY
438,458,THEFT
548,442,BATTERY
406,299,BATTERY
774,344,CRIMINAL TRESPASS
470,229,MOTOR VEHICLE THEFT
521,385,BATTERY
272,296,BATTERY
526,441,BATTERY
359,353,BATTERY
561,333,ASSAULT
133,450,BATTERY
106,321,DECEPTIVE PRACTICE
597,352,BATTERY
272,508,BATTERY
758,159,BATTERY
352,268,CRIMINAL TRESPASS
561,421,BATTERY
525,309,BATTERY
468,305,NARCOTICS
563,407,ASSAULT
397,461,CRIMINAL TRESPASS
30,472,THEFT
637,258,BATTERY
482,322,NARCOTICS
664,226,OTHER OFFENSE
285,326,THEFT
560,357,CRIMINAL DAMAGE
232,543,ASSAULT
486,384,ASSAULT
70,362,THEFT
371,467,BURGLARY
241,461,BATTERY
106,354,NARCOTICS
487,296,NARCOTICS
220,564,BATTERY
272,513,NARCOTICS
482,308,BATTERY
553,305,BATTERY
518,237,BATTERY
263,459,BATTERY
559,176,THEFT
463,464,CRIMINAL TRESPASS
305,234,CRIMINAL DAMAGE
544,440,BATTERY
278,413,BATTERY
188,512,THEFT
652,222,OTHER OFFENSE
436,318,BATTERY
530,451,BATTERY
611,297,THEFT
225,486,NARCOTICS
448,405,NARCOTICS
533,383,THEFT
49,425,BATTERY
544,346,THEFT
263,397,NARCOTICS
436,331,BATTERY
433,366,ASSAULT
728,382,BATTERY
82,585,BATTERY
279,299,BATTERY
626,266,OTHER OFFENSE
220,343,CRIMINAL DAMAGE
314,490,NARCOTICS
98,377,DECEPTIVE PRACTICE
209,369,THEFT
733,398,BATTERY
429,300,ROBBERY
650,387,OTHER OFFENSE
244,471,THEFT
348,351,THEFT
677,303,CRIMINAL DAMAGE
328,300,MOTOR VEHICLE THEFT
286,449,CRIM SEXUAL ASSAULT
323,287,CRIMINAL DAMAGE
285,391,MOTOR VEHICLE THEFT
510,385,BATTERY
544,449,THEFT
345,329,THEFT
111,450,BURGLARY
187,532,MOTOR VEHICLE THEFT
494,242,NARCOTICS
285,430,OTHER OFFENSE
312,423,OTHER OFFENSE
482,316,NARCOTICS
264,525,ASSAULT
350,359,THEFT
98,454,NARCOTICS
482,276,THEFT
591,359,MOTOR VEHICLE THEFT
459,396,ROBBERY
437,283,NARCOTICS
504,230,NARCOTICS
149,368,ASSAULT
638,313,THEFT
216,557,BURGLARY
261,399,BURGLARY
273,472,BATTERY
562,373,THEFT
532,449,THEFT
547,290,ROBBERY
486,279,OTHER OFFENSE
529,240,NARCOTICS
611,226,BATTERY
664,291,THEFT
496,437,THEFT
542,292,MOTOR VEHICLE THEFT
132,455,BATTERY
380,471,THEFT
495,295,NARCOTICS
652,237,THEFT
332,329,BATTERY
316,373,NARCOTICS
261,371,NARCOTICS
609,424,OTHER OFFENSE
572,428,CRIMINAL DAMAGE
178,555,BATTERY
358,342,MOTOR VEHICLE THEFT
368,483,OTHER OFFENSE
93,437,WEAPONS VIOLATION
524,443,CRIMINAL TRESPASS
79,437,BATTERY
372,338,MOTOR VEHICLE THEFT
185,389,STALKING
744,396,THEFT
709,182,NARCOTICS
705,399,THEFT
555,364,THEFT
547,385,DECEPTIVE PRACTICE
486,341,CRIMINAL DAMAGE
312,489,BURGLARY
757,379,BATTERY
527,432,THEFT
628,269,ARSON
276,425,THEFT
299,337,ROBBERY
460,323,CRIMINAL DAMAGE
736,400,ASSAULT
313,387,OTHER OFFENSE
176,395,DECEPTIVE PRACTICE
704,35,OTHER OFFENSE
256,521,THEFT
527,262,THEFT
546,303,NARCOTICS
130,336,BATTERY
789,347,CRIMINAL DAMAGE
494,265,BATTERY
685,298,BATTERY
509,444,THEFT
442,340,MOTOR VEHICLE THEFT
215,513,THEFT
538,297,OTHER OFFENSE
496,444,THEFT
537,444,ROBBERY
538,449,THEFT
529,252,CRIMINAL TRESPASS
731,395,THEFT
78,391,THEFT
89,456,BATTERY
627,162,BURGLARY
740,312,THEFT
494,245,NARCOTICS
415,291,THEFT
454,314,BATTERY
563,394,BURGLARY
193,448,BATTERY
469,447,THEFT
177,521,MOTOR VEHICLE THEFT
233,542,CRIMINAL DAMAGE
233,412,ASSAULT
254,472,ASSAULT
369,483,ASSAULT
340,469,ROBBERY
530,451,OTHER OFFENSE
489,447,NARCOTICS
53,431,BATTERY
366,358,LIQUOR LAW VIOLATION
507,398,BATTERY
225,393,BURGLARY
493,362,BATTERY
189,499,OTHER OFFENSE
496,271,CRIM SEXUAL ASSAULT
271,469,ASSAULT
589,418,THEFT
543,349,OTHER OFFENSE
533,292,BATTERY
237,466,BATTERY
521,440,BATTERY
722,374,CRIM SEXUAL ASSAULT
282,209,ROBBERY
459,323,BATTERY
468,450,BATTERY
721,383,BATTERY
131,443,MOTOR VEHICLE THEFT
430,349,THEFT
311,450,CRIMINAL DAMAGE
719,218,SEX OFFENSE
710,399,THEFT
698,401,THEFT
138,469,BATTERY
226,547,THEFT
445,324,BURGLARY
710,338,THEFT
576,251,BURGLARY
418,316,OTHER OFFENSE
651,414,ROBBERY
107,431,THEFT
221,485,BATTERY
256,432,THEFT
188,559,BATTERY
64,523,THEFT
154,530,BATTERY
707,241,THEFT
150,401,BATTERY
340,459,BATTERY
122,482,OTHER OFFENSE
533,451,OTHER OFFENSE
309,460,CRIMINAL DAMAGE
265,453,BATTERY
509,412,ASSAULT
702,26,CRIMINAL TRESPASS
111,449,DECEPTIVE PRACTICE
206,566,MOTOR VEHICLE THEFT
310,392,ASSAULT
185,559,THEFT
194,444,THEFT
132,543,BATTERY
223,394,OTHER OFFENSE
69,405,THEFT
608,323,OTHER OFFENSE
273,355,BATTERY
559,429,DECEPTIVE PRACTICE
373,342,ROBBERY
271,529,DECEPTIVE PRACTICE
319,240,OTHER OFFENSE
769,357,BATTERY
255,455,DECEPTIVE PRACTICE
462,343,BATTERY
303,450,BATTERY
448,415,MOTOR VEHICLE THEFT
445,327,OTHER OFFENSE
504,407,DECEPTIVE PRACTICE
776,361,OTHER OFFENSE
210,482,DECEPTIVE PRACTICE
577,340,THEFT
497,279,NARCOTICS
561,233,OTHER OFFENSE
195,391,ASSAULT
502,444,DECEPTIVE PRACTICE
211,415,NARCOTICS
226,495,BATTERY
286,382,BURGLARY
163,446,DECEPTIVE PRACTICE
116,447,THEFT
499,295,THEFT
295,478,BATTERY
678,368,MOTOR VEHICLE THEFT
497,265,NARCOTICS
287,334,OTHER OFFENSE
496,246,OTHER OFFENSE
620,370,THEFT
315,421,BATTERY
322,499,THEFT
524,452,ASSAULT
520,306,NARCOTICS
497,302,NARCOTICS
592,356,BATTERY
653,232,MOTOR VEHICLE THEFT
109,453,NARCOTICS
537,258,CRIM SEXUAL ASSAULT
539,303,NARCOTICS
215,479,NARCOTICS
453,287,NARCOTICS
230,510,BURGLARY
272,521,BATTERY
237,556,BATTERY
519,442,THEFT
141,421,OTHER OFFENSE
192,545,DECEPTIVE PRACTICE
512,461,THEFT
254,541,WEAPONS VIOLATION
237,540,BURGLARY
88,313,ASSAULT
190,545,OTHER OFFENSE
390,341,OTHER OFFENSE
30,472,NARCOTICS
579,293,OTHER OFFENSE
283,479,CRIMINAL TRESPASS
216,395,BATTERY
225,332,NARCOTICS
101,336,BATTERY
411,328,ASSAULT
495,265,BATTERY
388,459,THEFT
102,444,THEFT
759,158,CRIMINAL DAMAGE
415,438,CRIMINAL DAMAGE
243,474,BATTERY
745,317,DECEPTIVE PRACTICE
716,341,BURGLARY
460,298,NARCOTICS
486,322,NARCOTICS
121,540,ROBBERY
669,290,DECEPTIVE PRACTICE
332,452,THEFT
682,396,NARCOTICS
682,396,NARCOTICS
448,382,THEFT
714,240,THEFT
585,284,BATTERY
165,449,NARCOTICS
313,341,NARCOTICS
327,507,BATTERY
499,287,DECEPTIVE PRACTICE
557,390,BATTERY
507,394,MOTOR VEHICLE THEFT
287,340,BATTERY
522,414,DECEPTIVE PRACTICE
241,402,BATTERY
414,445,BATTERY
464,402,THEFT
284,491,OTHER OFFENSE
567,433,THEFT
579,306,OTHER OFFENSE
237,372,ASSAULT
259,370,BATTERY
537,303,CRIMINAL DAMAGE
385,448,NARCOTICS
716,401,BATTERY
398,464,ASSAULT
522,311,ROBBERY
523,469,THEFT
55,423,BATTERY
702,31,OTHER OFFENSE
594,341,BATTERY
526,318,NARCOTICS
607,270,CRIMINAL DAMAGE
350,299,THEFT
136,465,ROBBERY
290,473,BATTERY
282,397,DECEPTIVE PRACTICE
499,440,THEFT
177,423,ROBBERY
586,398,BURGLARY
232,548,CRIM SEXUAL ASSAULT
463,342,THEFT
689,350,THEFT
79,439,BURGLARY
618,385,CRIMINAL DAMAGE
238,556,BATTERY
491,267,BATTERY
256,522,THEFT
660,209,THEFT
133,484,BATTERY
763,394,OTHER OFFENSE
655,415,THEFT
702,26,OTHER OFFENSE
382,323,OTHER OFFENSE
463,371,THEFT
484,449,ROBBERY
440,342,OTHER OFFENSE
652,419,THEFT
265,414,BATTERY
499,434,DECEPTIVE PRACTICE
351,344,DECEPTIVE PRACTICE
541,385,THEFT
225,484,ASSAULT
583,292,OTHER OFFENSE
350,357,OTHER OFFENSE
785,387,BURGLARY
599,413,THEFT
504,253,BATTERY
286,439,INTERFERENCE WITH PUBLIC OFFICER
424,428,THEFT
507,265,NARCOTICS
478,319,NARCOTICS
606,322,THEFT
546,251,OTHER OFFENSE
252,360,NARCOTICS
290,462,OTHER OFFENSE
227,483,NARCOTICS
466,313,NARCOTICS
328,375,OTHER OFFENSE
672,405,THEFT
559,190,BURGLARY
647,323,ROBBERY
222,511,CRIMINAL DAMAGE
174,459,THEFT
648,238,CRIMINAL DAMAGE
190,549,DECEPTIVE PRACTICE
221,471,BATTERY
209,390,THEFT
488,444,THEFT
243,423,ROBBERY
162,392,DECEPTIVE PRACTICE
74,413,CRIMINAL DAMAGE
478,302,THEFT
468,310,NARCOTICS
226,537,BURGLARY
526,318,NARCOTICS
309,376,BATTERY
283,282,OTHER OFFENSE
495,291,NARCOTICS
312,212,ASSAULT
624,249,BATTERY
653,264,THEFT
394,438,THEFT
235,412,BATTERY
669,226,CRIMINAL DAMAGE
193,479,BURGLARY
585,228,DECEPTIVE PRACTICE
286,439,CRIMINAL TRESPASS
636,256,OTHER OFFENSE
556,302,MOTOR VEHICLE THEFT
201,517,THEFT
491,444,ASSAULT
224,448,INTERFERENCE WITH PUBLIC OFFICER
656,306,NARCOTICS
533,444,THEFT
26,479,BATTERY
349,377,CRIMINAL DAMAGE
740,362,CRIMINAL DAMAGE
485,245,NARCOTICS
274,219,CRIMINAL DAMAGE
498,377,OTHER OFFENSE
451,394,CRIMINAL TRESPASS
584,282,MOTOR VEHICLE THEFT
365,354,CRIMINAL DAMAGE
308,457,CRIMINAL DAMAGE
251,527,DECEPTIVE PRACTICE
795,386,BATTERY
264,410,BATTERY
110,587,THEFT
614,255,BURGLARY
218,346,MOTOR VEHICLE THEFT
616,321,BATTERY
513,228,THEFT
100,405,NARCOTICS
309,352,NARCOTICS
702,26,CRIMINAL TRESPASS
289,326,BURGLARY
277,471,BURGLARY
589,210,NARCOTICS
740,352,BURGLARY
538,449,ASSAULT
317,442,CRIMINAL TRESPASS
538,340,THEFT
272,508,THEFT
482,315,NARCOTICS
624,328,NARCOTICS
229,498,NARCOTICS
161,402,THEFT
593,406,DECEPTIVE PRACTICE
506,390,DECEPTIVE PRACTICE
747,362,THEFT
346,345,DECEPTIVE PRACTICE
700,405,BATTERY
515,439,THEFT
484,345,NARCOTICS
196,478,THEFT
441,316,BATTERY
507,447,DECEPTIVE PRACTICE
582,412,ASSAULT
295,476,OTHER OFFENSE
220,487,THEFT
195,520,NARCOTICS
216,485,THEFT
745,395,OTHER OFFENSE
631,376,CRIMINAL DAMAGE
535,450,THEFT
257,357,NARCOTICS
338,258,BATTERY
783,371,THEFT
753,398,OTHER OFFENSE
480,238,NARCOTICS
564,325,BURGLARY
356,320,OTHER OFFENSE
85,313,ASSAULT
487,319,NARCOTICS
469,427,CRIMINAL TRESPASS
325,462,BATTERY
592,276,OTHER OFFENSE
284,462,THEFT
345,401,BATTERY
391,413,ASSAULT
311,188,BATTERY
184,477,CRIMINAL DAMAGE
533,444,CRIMINAL TRESPASS
336,276,BATTERY
554,375,BURGLARY
389,464,OTHER OFFENSE
481,445,CRIMINAL TRESPASS
626,253,CRIMINAL DAMAGE
171,479,THEFT
521,381,BATTERY
327,279,DECEPTIVE PRACTICE
561,386,THEFT
533,446,CRIMINAL TRESPASS
239,542,ROBBERY
554,234,BATTERY
486,323,NARCOTICS
499,252,NARCOTICS
315,396,BURGLARY
295,347,BATTERY
106,403,CRIMINAL DAMAGE
672,351,THEFT
254,501,CRIMINAL TRESPASS
86,398,NARCOTICS
570,350,CRIMINAL DAMAGE
547,437,NARCOTICS
421,310,ROBBERY
144,421,MOTOR VEHICLE THEFT
321,300,MOTOR VEHICLE THEFT
278,271,BATTERY
623,303,THEFT
488,296,NARCOTICS
470,404,THEFT
271,388,NARCOTICS
493,403,DECEPTIVE PRACTICE
480,309,NARCOTICS
225,476,BATTERY
487,356,THEFT
235,434,NARCOTICS
311,388,NARCOTICS
499,422,DECEPTIVE PRACTICE
679,286,CRIMINAL DAMAGE
239,542,NARCOTICS
498,259,ROBBERY
628,260,CRIMINAL DAMAGE
504,400,THEFT
549,283,NARCOTICS
223,449,NARCOTICS
563,406,THEFT
272,531,THEFT
249,398,OTHER OFFENSE
352,479,BATTERY
398,384,MOTOR VEHICLE THEFT
591,236,NARCOTICS
280,369,OTHER OFFENSE
730,214,OFFENSE INVOLVING CHILDREN
587,432,MOTOR VEHICLE THEFT
658,300,THEFT
305,357,BURGLARY
216,379,OTHER OFFENSE
380,318,CRIMINAL DAMAGE
517,445,NARCOTICS
498,255,PUBLIC PEACE VIOLATION
239,446,NARCOTICS
597,409,BATTERY
632,403,ASSAULT
532,265,DECEPTIVE PRACTICE
638,275,THEFT
473,321,NARCOTICS
676,310,BURGLARY
499,326,THEFT
586,290,BURGLARY
376,318,MOTOR VEHICLE THEFT
552,237,THEFT
541,244,DECEPTIVE PRACTICE
517,328,SEX OFFENSE
283,360,PROSTITUTION
306,401,THEFT
534,423,CRIMINAL TRESPASS
481,327,BURGLARY
483,344,BATTERY
510,440,BATTERY
608,301,BATTERY
751,395,THEFT
251,392,NARCOTICS
583,432,MOTOR VEHICLE THEFT
702,32,OTHER OFFENSE
293,464,THEFT
540,346,BATTERY
35,416,MOTOR VEHICLE THEFT
321,345,BURGLARY
362,417,CRIMINAL DAMAGE
284,315,CRIMINAL DAMAGE
459,301,NARCOTICS
280,322,THEFT
116,379,OFFENSE INVOLVING CHILDREN
504,443,THEFT
768,340,THEFT
482,351,BATTERY
701,26,NARCOTICS
394,459,ROBBERY
516,435,THEFT
525,301,BATTERY
498,267,NARCOTICS
681,311,OTHER OFFENSE
570,211,OFFENSE INVOLVING CHILDREN
684,295,THEFT
108,454,NARCOTICS
554,303,THEFT
255,492,ASSAULT
644,222,BATTERY
555,428,BATTERY
499,422,THEFT
575,413,BURGLARY
71,397,CRIMINAL DAMAGE
575,354,MOTOR VEHICLE THEFT
246,352,BURGLARY
682,385,BATTERY
101,451,BATTERY
678,254,BATTERY
550,289,NARCOTICS
236,386,ASSAULT
275,388,BATTERY
593,404,NARCOTICS
263,370,BATTERY
281,395,CRIMINAL DAMAGE
285,404,PUBLIC PEACE VIOLATION
429,338,THEFT
26,492,CRIMINAL TRESPASS
240,442,BATTERY
629,225,MOTOR VEHICLE THEFT
570,342,THEFT
618,262,BATTERY
527,298,THEFT
108,335,THEFT
496,311,PROSTITUTION
330,482,BATTERY
224,363,DECEPTIVE PRACTICE
242,537,BATTERY
637,362,SEX OFFENSE
624,339,WEAPONS VIOLATION
280,385,OTHER OFFENSE
80,445,ASSAULT
538,450,THEFT
226,489,THEFT
787,373,CRIMINAL DAMAGE
623,315,ASSAULT
398,464,THEFT
616,327,ASSAULT
216,438,MOTOR VEHICLE THEFT
237,507,THEFT
247,407,OTHER OFFENSE
693,379,MOTOR VEHICLE THEFT
56,438,THEFT
560,264,THEFT
565,247,BATTERY
64,452,CRIMINAL DAMAGE
502,444,THEFT
586,278,OTHER OFFENSE
525,400,THEFT
525,230,CRIMINAL DAMAGE
490,439,THEFT
474,427,THEFT
364,457,DECEPTIVE PRACTICE
502,447,THEFT
586,317,OTHER OFFENSE
298,350,DECEPTIVE PRACTICE
793,389,THEFT
512,250,CRIMINAL DAMAGE
499,318,MOTOR VEHICLE THEFT
422,342,THEFT
315,421,WEAPONS VIOLATION
606,232,OTHER OFFENSE
438,311,CRIMINAL DAMAGE
128,484,ASSAULT
460,301,BATTERY
525,320,NARCOTICS
438,342,ASSAULT
621,236,BATTERY
750,341,THEFT
76,380,ASSAULT
576,309,CRIMINAL DAMAGE
384,435,CRIMINAL TRESPASS
194,407,THEFT
783,379,OFFENSE INVOLVING CHILDREN
373,337,BATTERY
632,411,THEFT
637,402,BATTERY
744,332,BATTERY
518,446,BATTERY
214,313,NARCOTICS
519,442,THEFT
549,443,BATTERY
495,263,ASSAULT
640,399,BATTERY
719,351,CRIMINAL DAMAGE
589,334,MOTOR VEHICLE THEFT
547,383,DECEPTIVE PRACTICE
509,390,CRIMINAL DAMAGE
267,366,THEFT
351,380,THEFT
561,299,PROSTITUTION
548,301,ASSAULT
248,542,SEX OFFENSE
642,246,CRIMINAL DAMAGE
529,244,NARCOTICS
257,542,OTHER OFFENSE
308,393,THEFT
460,319,CRIMINAL TRESPASS
482,320,NARCOTICS
252,395,BATTERY
160,439,BURGLARY
511,356,DECEPTIVE PRACTICE
250,382,OTHER OFFENSE
77,434,NARCOTICS
507,444,DECEPTIVE PRACTICE
442,436,OTHER OFFENSE
595,206,THEFT
541,305,NARCOTICS
388,437,DECEPTIVE PRACTICE
359,295,THEFT
369,387,THEFT
281,351,BATTERY
490,299,NARCOTICS
195,389,CRIMINAL DAMAGE
624,398,CRIMINAL TRESPASS
702,32,OTHER OFFENSE
124,467,ROBBERY
243,414,BATTERY
683,353,THEFT
569,421,BURGLARY
19,577,ROBBERY
316,191,NARCOTICS
361,483,ASSAULT
425,308,BATTERY
724,316,ASSAULT
524,222,OTHER OFFENSE
342,505,THEFT
20,481,BATTERY
310,372,THEFT
219,398,INTERFERENCE WITH PUBLIC OFFICER
320,244,BATTERY
247,514,BATTERY
537,264,ROBBERY
310,332,MOTOR VEHICLE THEFT
544,305,NARCOTICS
213,479,BATTERY
500,354,BURGLARY
272,509,OTHER OFFENSE
534,392,THEFT
94,397,MOTOR VEHICLE THEFT
223,478,INTERFERENCE WITH PUBLIC OFFICER
420,423,BATTERY
527,428,BATTERY
644,411,CRIMINAL DAMAGE
310,407,BATTERY
617,306,CRIM SEXUAL ASSAULT
627,312,CRIMINAL DAMAGE
452,279,THEFT
454,401,MOTOR VEHICLE THEFT
137,558,ROBBERY
165,449,NARCOTICS
487,265,OTHER OFFENSE
542,303,THEFT
261,464,BATTERY
108,492,THEFT
379,463,THEFT
251,539,BURGLARY
20,481,ASSAULT
482,316,NARCOTICS
360,324,THEFT
402,363,BURGLARY
291,506,BATTERY
577,413,THEFT
501,396,THEFT
547,238,THEFT
507,316,NARCOTICS
507,436,CRIMINAL TRESPASS
535,303,WEAPONS VIOLATION
259,416,OTHER OFFENSE
688,399,OTHER OFFENSE
661,325,CRIMINAL DAMAGE
350,373,THEFT
716,60,DECEPTIVE PRACTICE
279,413,BATTERY
480,415,THEFT
492,340,BATTERY
495,426,THEFT
537,246,KIDNAPPING
434,316,NARCOTICS
509,437,THEFT
363,467,THEFT
576,353,BURGLARY
177,406,ROBBERY
194,474,THEFT
181,401,CRIMINAL DAMAGE
471,440,THEFT
697,376,THEFT
305,184,BURGLARY
567,361,THEFT
548,248,ASSAULT
171,397,THEFT
314,374,THEFT
494,356,THEFT
522,268,NARCOTICS
231,482,BATTERY
649,411,BATTERY
222,360,OTHER OFFENSE
394,459,CRIMINAL TRESPASS
646,321,MOTOR VEHICLE THEFT
579,236,SEX OFFENSE
530,432,THEFT
209,418,NARCOTICS
382,354,OTHER OFFENSE
551,296,NARCOTICS
270,353,ROBBERY
221,478,DECEPTIVE PRACTICE
101,454,MOTOR VEHICLE THEFT
98,334,NARCOTICS
188,566,ASSAULT
349,268,BATTERY
101,469,THEFT
355,388,CRIMINAL TRESPASS
286,462,DECEPTIVE PRACTICE
195,531,BURGLARY
678,400,DECEPTIVE PRACTICE
560,248,BATTERY
333,322,CRIMINAL DAMAGE
193,545,BURGLARY
490,254,CRIM SEXUAL ASSAULT
361,471,BATTERY
233,383,BURGLARY
268,501,BATTERY
643,413,THEFT
514,368,ROBBERY
600,265,PROSTITUTION
364,447,CRIMINAL DAMAGE
443,316,BATTERY
526,367,BURGLARY
183,400,THEFT
185,424,ASSAULT
521,259,BATTERY
507,384,BATTERY
282,255,CRIMINAL TRESPASS
762,390,THEFT
510,262,OTHER OFFENSE
482,306,MOTOR VEHICLE THEFT
508,432,DECEPTIVE PRACTICE
223,451,BURGLARY
304,398,BATTERY
272,526,OTHER OFFENSE
340,384,BURGLARY
551,288,MOTOR VEHICLE THEFT
237,478,DECEPTIVE PRACTICE
535,369,THEFT
211,486,ASSAULT
509,387,MOTOR VEHICLE THEFT
188,554,THEFT
199,418,THEFT
293,473,BATTERY
495,277,OTHER OFFENSE
509,418,BURGLARY
395,369,ROBBERY
294,347,THEFT
642,417,MOTOR VEHICLE THEFT
536,450,THEFT
518,305,BATTERY
407,282,MOTOR VEHICLE THEFT
492,340,THEFT
302,442,THEFT
367,456,THEFT
161,362,THEFT
501,376,OTHER OFFENSE
380,352,ASSAULT
702,26,THEFT
211,383,MOTOR VEHICLE THEFT
125,400,WEAPONS VIOLATION
257,415,BATTERY
307,385,ROBBERY
529,320,NARCOTICS
260,518,THEFT
276,474,ROBBERY
334,375,CRIMINAL DAMAGE
235,411,BATTERY
553,307,CRIMINAL DAMAGE
222,301,THEFT
505,285,BATTERY
498,296,NARCOTICS
505,281,THEFT
545,222,BATTERY
489,377,CRIMINAL TRESPASS
420,372,ASSAULT
548,442,BATTERY
300,342,BURGLARY
482,351,OTHER OFFENSE
93,418,THEFT
298,273,THEFT
480,306,THEFT
323,375,ASSAULT
495,281,ASSAULT
497,274,PROSTITUTION
194,541,DECEPTIVE PRACTICE
197,544,NARCOTICS
480,317,NARCOTICS
486,300,NARCOTICS
98,383,WEAPONS VIOLATION
214,433,ASSAULT
190,490,PUBLIC PEACE VIOLATION
222,420,THEFT
475,319,BATTERY
300,387,THEFT
607,270,THEFT
269,358,BATTERY
716,343,NARCOTICS
555,286,ASSAULT
305,272,NARCOTICS
685,256,THEFT
732,361,THEFT
230,483,BATTERY
209,479,CRIMINAL TRESPASS
150,421,NARCOTICS
488,296,NARCOTICS
674,404,THEFT
713,378,NARCOTICS
335,459,BURGLARY
535,351,ASSAULT
694,401,BATTERY
343,351,KIDNAPPING
530,316,NARCOTICS
493,369,BATTERY
280,496,CRIMINAL TRESPASS
263,448,THEFT
670,359,THEFT
541,255,ROBBERY
703,334,THEFT
481,321,OTHER OFFENSE
570,340,THEFT
604,416,THEFT
262,419,ASSAULT
451,394,CRIMINAL TRESPASS
424,296,CRIMINAL DAMAGE
676,379,THEFT
364,469,NARCOTICS
25,482,THEFT
287,450,NARCOTICS
601,281,BATTERY
219,389,CRIMINAL DAMAGE
404,466,ROBBERY
99,360,BURGLARY
264,378,NARCOTICS
537,381,THEFT
547,421,STALKING
405,436,BURGLARY
571,360,CRIMINAL DAMAGE
116,444,NARCOTICS
519,249,CRIMINAL DAMAGE
45,445,OTHER OFFENSE
254,386,BATTERY
467,226,BATTERY
246,501,CRIMINAL DAMAGE
561,370,THEFT
249,375,WEAPONS VIOLATION
423,319,CRIMINAL DAMAGE
226,393,CRIMINAL DAMAGE
702,26,OTHER OFFENSE
393,411,THEFT
344,421,CRIMINAL TRESPASS
240,456,THEFT
267,346,THEFT
604,190,DECEPTIVE PRACTICE
517,246,OTHER OFFENSE
467,325,OTHER OFFENSE
245,507,DECEPTIVE PRACTICE
355,326,CRIMINAL DAMAGE
317,450,THEFT
469,327,ROBBERY
516,298,THEFT
220,550,THEFT
305,420,WEAPONS VIOLATION
533,450,THEFT
238,500,ASSAULT
156,439,BURGLARY
237,510,NARCOTICS
364,488,THEFT
79,442,ASSAULT
656,382,NARCOTICS
710,314,THEFT
578,296,DECEPTIVE PRACTICE
502,243,NARCOTICS
438,327,NARCOTICS
494,323,BATTERY
537,457,OTHER OFFENSE
314,290,CRIMINAL DAMAGE
577,210,BATTERY
644,260,ASSAULT
509,239,ASSAULT
714,382,THEFT
234,444,BATTERY
284,389,PUBLIC PEACE VIOLATION
591,427,CRIMINAL DAMAGE
702,26,CRIMINAL TRESPASS
697,216,THEFT
676,220,BURGLARY
765,381,ASSAULT
264,386,CRIMINAL DAMAGE
261,386,CRIMINAL DAMAGE
567,433,CRIMINAL DAMAGE
559,428,WEAPONS VIOLATION
480,368,ROBBERY
356,492,THEFT
264,463,THEFT
305,450,NARCOTICS
535,450,THEFT
719,344,DECEPTIVE PRACTICE
321,300,THEFT
366,331,NARCOTICS
452,382,OTHER OFFENSE
141,452,OTHER OFFENSE
311,372,NARCOTICS
564,382,THEFT
315,343,CRIMINAL DAMAGE
674,408,CRIMINAL DAMAGE
611,261,MOTOR VEHICLE THEFT
623,279,DECEPTIVE PRACTICE
300,343,MOTOR VEHICLE THEFT
589,418,DECEPTIVE PRACTICE
581,293,ASSAULT
673,273,MOTOR VEHICLE THEFT
747,326,ROBBERY
707,24,OTHER OFFENSE
701,26,NARCOTICS
255,463,THEFT
303,343,BURGLARY
391,475,BATTERY
347,296,CRIMINAL DAMAGE
482,306,NARCOTICS
540,309,BATTERY
267,382,THEFT
530,404,THEFT
504,370,DECEPTIVE PRACTICE
581,234,DECEPTIVE PRACTICE
29,570,BURGLARY
234,414,BURGLARY
216,507,OTHER OFFENSE
581,293,THEFT
357,295,NARCOTICS
717,397,NARCOTICS
463,309,NARCOTICS
506,297,NARCOTICS
203,412,BURGLARY
677,313,PUBLIC PEACE VIOLATION
508,311,DECEPTIVE PRACTICE
242,530,BATTERY
502,356,CRIMINAL TRESPASS
492,344,ASSAULT
485,426,WEAPONS VIOLATION
228,416,BATTERY
152,531,BURGLARY
60,447,OTHER OFFENSE
546,304,NARCOTICS
384,437,THEFT
657,264,ROBBERY
562,363,THEFT
579,413,THEFT
499,295,NARCOTICS
269,364,BATTERY
579,413,THEFT
495,435,THEFT
493,444,DECEPTIVE PRACTICE
487,267,BATTERY
710,401,THEFT
503,444,THEFT
574,284,BATTERY
98,328,THEFT
508,435,DECEPTIVE PRACTICE
170,450,BATTERY
511,269,THEFT
217,331,CRIMINAL DAMAGE
543,359,CRIMINAL DAMAGE
731,263,CRIMINAL DAMAGE
299,344,OTHER OFFENSE
74,444,NARCOTICS
363,351,CRIMINAL DAMAGE
511,237,CRIMINAL TRESPASS
239,440,NARCOTICS
481,319,NARCOTICS
585,217,INTERFERENCE WITH PUBLIC OFFICER
75,419,ASSAULT
397,453,NARCOTICS
212,414,BATTERY
298,356,NARCOTICS
229,542,BATTERY
113,576,THEFT
353,353,ROBBERY
373,346,NARCOTICS
393,446,THEFT
589,418,DECEPTIVE PRACTICE
494,294,CRIMINAL DAMAGE
281,477,NARCOTICS
638,402,BATTERY
149,435,BATTERY
486,345,THEFT
256,413,ASSAULT
175,420,CRIMINAL DAMAGE
481,332,BATTERY
117,540,CRIMINAL DAMAGE
184,473,ASSAULT
700,290,THEFT
217,390,NARCOTICS
217,414,THEFT
232,537,OTHER OFFENSE
670,371,BURGLARY
343,287,OTHER OFFENSE
71,416,DECEPTIVE PRACTICE
484,239,NARCOTICS
225,522,ROBBERY
355,318,OTHER OFFENSE
248,517,BURGLARY
444,397,CRIMINAL DAMAGE
560,276,CRIMINAL TRESPASS
84,455,THEFT
510,440,CRIMINAL TRESPASS
179,508,THEFT
235,399,THEFT
324,389,BATTERY
502,426,OTHER OFFENSE
91,450,OTHER OFFENSE
711,167,DECEPTIVE PRACTICE
343,294,OTHER OFFENSE
474,360,THEFT
466,309,BATTERY
137,430,BATTERY
310,516,DECEPTIVE PRACTICE
747,334,THEFT
252,305,ROBBERY
753,182,CRIMINAL DAMAGE
87,366,OTHER OFFENSE
718,340,BATTERY
26,478,BATTERY
420,298,OTHER OFFENSE
786,372,CRIMINAL TRESPASS
617,430,THEFT
562,340,THEFT
492,240,NARCOTICS
205,327,OFFENSE INVOLVING CHILDREN
315,447,NARCOTICS
666,411,NARCOTICS
313,333,MOTOR VEHICLE THEFT
403,401,BURGLARY
142,421,NARCOTICS
460,310,NARCOTICS
443,373,CRIMINAL DAMAGE
293,421,CRIMINAL DAMAGE
425,333,CRIMINAL DAMAGE
154,525,CRIMINAL DAMAGE
418,335,CRIMINAL DAMAGE
207,361,NARCOTICS
124,458,PUBLIC PEACE VIOLATION
580,312,THEFT
482,391,BATTERY
443,371,THEFT
82,418,CRIMINAL DAMAGE
131,416,CRIMINAL DAMAGE
354,358,BATTERY
555,268,CRIMINAL DAMAGE
354,358,CRIMINAL DAMAGE
250,371,BATTERY
247,336,CRIMINAL DAMAGE
82,417,OTHER OFFENSE
178,560,HOMICIDE
598,328,ROBBERY
540,419,OTHER OFFENSE
444,397,CRIMINAL DAMAGE
81,583,BATTERY
636,298,OTHER OFFENSE
501,296,NARCOTICS
533,401,THEFT
586,322,BURGLARY
500,374,THEFT
257,525,THEFT
229,549,NARCOTICS
545,244,NARCOTICS
527,262,MOTOR VEHICLE THEFT
465,309,BATTERY
249,360,NARCOTICS
576,260,MOTOR VEHICLE THEFT
653,270,THEFT
481,436,THEFT
591,252,BATTERY
228,472,ASSAULT
178,477,CRIMINAL TRESPASS
642,414,THEFT
358,329,CRIMINAL DAMAGE
679,280,THEFT
399,409,ASSAULT
314,261,CRIMINAL DAMAGE
560,251,ASSAULT
457,314,BATTERY
511,237,CRIMINAL TRESPASS
707,319,THEFT
777,361,BATTERY
284,339,CRIMINAL DAMAGE
501,254,THEFT
372,425,MOTOR VEHICLE THEFT
256,526,CRIMINAL TRESPASS
272,529,BATTERY
216,465,OFFENSE INVOLVING CHILDREN
288,389,NARCOTICS
187,399,BATTERY
289,406,OTHER OFFENSE
188,459,OTHER OFFENSE
561,269,NARCOTICS
561,270,THEFT
430,425,THEFT
500,329,THEFT
277,389,ROBBERY
647,228,THEFT
489,258,CRIMINAL DAMAGE
657,315,NARCOTICS
602,416,THEFT
284,339,ASSAULT
316,328,BURGLARY
464,303,BATTERY
236,414,CRIMINAL DAMAGE
704,237,CRIMINAL DAMAGE
496,300,CRIMINAL DAMAGE
648,231,CRIMINAL DAMAGE
246,501,ARSON
139,452,THEFT
444,374,THEFT
521,376,BURGLARY
510,367,THEFT
552,295,THEFT
391,476,BATTERY
263,447,DECEPTIVE PRACTICE
585,387,THEFT
519,302,NARCOTICS
353,261,MOTOR VEHICLE THEFT
509,296,DECEPTIVE PRACTICE
497,266,NARCOTICS
309,403,NARCOTICS
502,340,THEFT
498,255,NARCOTICS
269,411,BATTERY
202,450,BURGLARY
263,436,DECEPTIVE PRACTICE
342,258,BURGLARY
593,403,THEFT
643,411,CRIMINAL TRESPASS
796,386,CRIMINAL DAMAGE
224,480,BATTERY
673,212,THEFT
345,296,CRIMINAL DAMAGE
111,449,DECEPTIVE PRACTICE
258,355,ASSAULT
488,279,NARCOTICS
644,410,BATTERY
73,461,BATTERY
318,419,NARCOTICS
572,340,CRIMINAL DAMAGE
721,376,BATTERY
529,256,OTHER OFFENSE
505,444,THEFT
459,427,CRIMINAL TRESPASS
566,286,LIQUOR LAW VIOLATION
551,318,DECEPTIVE PRACTICE
559,203,OTHER OFFENSE
498,249,NARCOTICS
328,497,ROBBERY
406,420,CRIMINAL DAMAGE
439,367,BATTERY
204,304,NARCOTICS
610,431,THEFT
346,323,PROSTITUTION
635,189,THEFT
623,165,OTHER OFFENSE
69,405,BATTERY
163,477,OTHER OFFENSE
494,289,NARCOTICS
128,414,THEFT
346,259,BURGLARY
221,385,THEFT
204,329,THEFT
545,295,NARCOTICS
379,436,OTHER OFFENSE
77,379,OTHER OFFENSE
539,363,ASSAULT
217,387,BURGLARY
270,430,BURGLARY
246,545,OTHER OFFENSE
85,467,THEFT
256,499,CRIMINAL DAMAGE
230,410,BURGLARY
45,548,MOTOR VEHICLE THEFT
502,387,THEFT
331,329,THEFT
600,331,MOTOR VEHICLE THEFT
391,385,THEFT
614,245,CRIMINAL DAMAGE
769,381,BATTERY
529,253,NARCOTICS
316,373,NARCOTICS
485,447,BATTERY
111,466,THEFT
228,449,DECEPTIVE PRACTICE
506,424,THEFT
180,477,BATTERY
225,557,PUBLIC PEACE VIOLATION
342,399,OTHER OFFENSE
286,222,DECEPTIVE PRACTICE
101,433,PUBLIC PEACE VIOLATION
774,374,THEFT
261,389,ROBBERY
317,458,THEFT
304,422,OTHER OFFENSE
188,517,BURGLARY
497,282,CRIMINAL DAMAGE
584,266,OTHER OFFENSE
194,463,DECEPTIVE PRACTICE
267,364,BATTERY
236,458,MOTOR VEHICLE THEFT
604,235,ASSAULT
522,444,THEFT
507,426,THEFT
493,262,THEFT
501,441,BATTERY
529,450,THEFT
459,283,BATTERY
540,336,OTHER OFFENSE
499,278,PROSTITUTION
397,461,CRIMINAL TRESPASS
500,246,THEFT
317,427,NARCOTICS
561,269,OTHER OFFENSE
265,531,CRIMINAL TRESPASS
256,451,OTHER OFFENSE
314,381,BATTERY
374,475,ROBBERY
290,468,BATTERY
390,453,NARCOTICS
627,240,THEFT
310,400,WEAPONS VIOLATION
304,412,BATTERY
86,469,CRIMINAL DAMAGE
165,362,CRIMINAL DAMAGE
559,424,DECEPTIVE PRACTICE
471,444,CRIMINAL DAMAGE
617,410,THEFT
485,377,MOTOR VEHICLE THEFT
702,33,OTHER OFFENSE
731,274,BATTERY
182,516,OTHER OFFENSE
533,443,DECEPTIVE PRACTICE
216,401,THEFT
227,386,ASSAULT
492,256,NARCOTICS
472,336,THEFT
280,264,ASSAULT
461,417,BURGLARY
220,391,BATTERY
680,381,THEFT
499,253,OTHER OFFENSE
544,424,BATTERY
468,313,CRIMINAL TRESPASS
83,426,CRIMINAL DAMAGE
561,273,THEFT
614,235,DECEPTIVE PRACTICE
150,421,CRIMINAL TRESPASS
599,235,THEFT
736,312,BATTERY
527,305,THEFT
141,365,CRIMINAL DAMAGE
412,387,MOTOR VEHICLE THEFT
662,264,ASSAULT
314,304,ROBBERY
315,424,THEFT
482,303,THEFT
362,333,BATTERY
313,371,NARCOTICS
514,448,MOTOR VEHICLE THEFT
680,300,BATTERY
67,452,ROBBERY
693,341,BATTERY
660,416,OTHER OFFENSE
584,218,NARCOTICS
519,417,THEFT
510,444,DECEPTIVE PRACTICE
662,371,BURGLARY
496,265,NARCOTICS
570,380,BATTERY
549,349,BATTERY
318,392,CRIMINAL DAMAGE
547,305,PROSTITUTION
371,346,NARCOTICS
158,491,CRIMINAL DAMAGE
267,506,CRIMINAL TRESPASS
753,394,THEFT
221,482,BATTERY
241,507,ROBBERY
563,407,ASSAULT
358,349,BURGLARY
234,512,BATTERY
531,310,OTHER OFFENSE
321,347,DECEPTIVE PRACTICE
745,345,THEFT
642,414,CRIMINAL DAMAGE
800,376,THEFT
754,223,BURGLARY
532,292,OTHER OFFENSE
447,294,BATTERY
276,462,THEFT
478,335,ASSAULT
285,460,BATTERY
621,235,DECEPTIVE PRACTICE
487,297,CRIMINAL TRESPASS
276,382,PUBLIC PEACE VIOLATION
541,334,MOTOR VEHICLE THEFT
216,395,BATTERY
482,315,CRIMINAL DAMAGE
711,58,DECEPTIVE PRACTICE
220,387,THEFT
393,451,BATTERY
178,550,CRIMINAL TRESPASS
756,380,ROBBERY
314,434,NARCOTICS
494,323,BATTERY
236,517,THEFT
570,424,THEFT
124,469,CRIMINAL DAMAGE
13,460,MOTOR VEHICLE THEFT
221,482,BURGLARY
25,489,BATTERY
495,295,OTHER OFFENSE
459,396,BATTERY
286,462,OTHER OFFENSE
256,526,CRIMINAL TRESPASS
276,369,SEX OFFENSE
261,358,CRIMINAL DAMAGE
502,447,THEFT
324,394,ROBBERY
642,418,BURGLARY
305,272,THEFT
351,372,THEFT
276,490,CRIMINAL DAMAGE
332,401,OTHER OFFENSE
467,447,ROBBERY
232,273,THEFT
443,364,BATTERY
272,533,THEFT
509,296,DECEPTIVE PRACTICE
269,346,CRIMINAL DAMAGE
612,237,THEFT
630,331,THEFT
256,526,CRIMINAL TRESPASS
328,480,BATTERY
660,368,THEFT
381,472,OTHER OFFENSE
512,449,DECEPTIVE PRACTICE
291,421,CRIMINAL DAMAGE
668,356,THEFT
119,464,BATTERY
502,328,MOTOR VEHICLE THEFT
237,522,MOTOR VEHICLE THEFT
561,285,THEFT
778,390,THEFT
605,392,CRIMINAL DAMAGE
330,461,CRIMINAL DAMAGE
611,275,BATTERY
723,331,BURGLARY
603,250,BATTERY
103,466,BATTERY
295,471,CRIMINAL DAMAGE
698,48,CRIMINAL TRESPASS
514,359,BURGLARY
425,357,NARCOTICS
560,276,THEFT
56,412,OTHER OFFENSE
247,521,DECEPTIVE PRACTICE
85,420,THEFT
64,432,BURGLARY
646,420,ASSAULT
717,397,BATTERY
200,478,THEFT
293,497,BATTERY
349,373,CRIMINAL TRESPASS
37,429,BURGLARY
156,443,BURGLARY
482,304,ROBBERY
748,394,ASSAULT
482,315,NARCOTICS
496,445,OTHER OFFENSE
330,384,THEFT
191,427,THEFT
292,360,CRIMINAL TRESPASS
499,298,ROBBERY
73,397,ROBBERY
453,298,ROBBERY
317,357,MOTOR VEHICLE THEFT
244,476,ROBBERY
275,349,OTHER OFFENSE
546,310,THEFT
533,443,THEFT
295,466,ROBBERY
513,449,THEFT
508,318,MOTOR VEHICLE THEFT
669,290,BATTERY
328,330,THEFT
786,372,CRIMINAL TRESPASS
580,306,NARCOTICS
623,200,BATTERY
593,377,THEFT
610,308,NARCOTICS
362,417,NARCOTICS
609,411,CRIMINAL DAMAGE
207,545,ROBBERY
621,211,THEFT
488,326,NARCOTICS
744,352,MOTOR VEHICLE THEFT
768,388,OTHER OFFENSE
510,340,BATTERY
561,370,OTHER OFFENSE
228,408,BATTERY
296,466,MOTOR VEHICLE THEFT
499,295,OTHER OFFENSE
617,177,BATTERY
477,308,MOTOR VEHICLE THEFT
631,409,ROBBERY
517,413,THEFT
381,387,DECEPTIVE PRACTICE
697,310,BATTERY
331,422,OTHER OFFENSE
695,217,BATTERY
574,371,BATTERY
256,419,CRIMINAL DAMAGE
646,386,DECEPTIVE PRACTICE
696,399,BATTERY
557,351,BATTERY
297,303,MOTOR VEHICLE THEFT
460,326,CRIMINAL DAMAGE
581,251,OTHER OFFENSE
276,425,THEFT
561,317,THEFT
190,428,NARCOTICS
682,380,DECEPTIVE PRACTICE
134,538,OTHER OFFENSE
708,122,MOTOR VEHICLE THEFT
214,509,BATTERY
281,506,BATTERY
544,441,THEFT
428,294,OTHER OFFENSE
628,242,BATTERY
358,336,BURGLARY
499,291,THEFT
143,478,ASSAULT
300,389,NARCOTICS
620,298,BATTERY
529,246,NARCOTICS
604,357,THEFT
94,466,THEFT
239,552,THEFT
228,548,THEFT
587,353,CRIMINAL DAMAGE
728,398,ROBBERY
533,450,THEFT
507,341,ASSAULT
507,443,THEFT
359,485,CRIMINAL DAMAGE
330,381,NARCOTICS
583,383,THEFT
510,248,THEFT
192,396,DECEPTIVE PRACTICE
394,447,ASSAULT
640,390,THEFT
542,377,BURGLARY
230,400,BATTERY
314,487,DECEPTIVE PRACTICE
206,376,OFFENSE INVOLVING CHILDREN
547,261,NARCOTICS
306,348,BATTERY
586,389,OTHER OFFENSE
312,416,NARCOTICS
190,507,DECEPTIVE PRACTICE
502,247,NARCOTICS
534,287,OFFENSE INVOLVING CHILDREN
565,321,CRIMINAL TRESPASS
556,290,NARCOTICS
486,321,CRIMINAL DAMAGE
593,266,NARCOTICS
742,361,BATTERY
655,363,THEFT
303,314,CRIMINAL TRESPASS
529,252,CRIMINAL TRESPASS
111,575,BATTERY
526,441,BATTERY
567,294,THEFT
748,379,THEFT
464,323,BATTERY
331,381,BATTERY
738,353,ASSAULT
272,452,BATTERY
229,479,THEFT
421,315,BATTERY
615,353,BURGLARY
64,399,THEFT
472,445,NARCOTICS
693,221,BATTERY
550,262,BURGLARY
272,359,OTHER OFFENSE
757,380,BURGLARY
397,461,THEFT
495,249,NARCOTICS
500,444,THEFT
436,376,CRIMINAL DAMAGE
532,288,BURGLARY
311,450,BURGLARY
224,557,NARCOTICS
528,235,NARCOTICS
510,333,BATTERY
524,446,THEFT
750,356,ASSAULT
326,357,CRIMINAL TRESPASS
403,399,DECEPTIVE PRACTICE
538,326,NARCOTICS
214,531,CRIMINAL DAMAGE
280,344,BATTERY
681,361,BURGLARY
706,188,BATTERY
234,417,ROBBERY
308,333,THEFT
306,416,BATTERY
102,454,CRIMINAL TRESPASS
658,225,CRIMINAL DAMAGE
505,261,NARCOTICS
763,385,BATTERY
415,405,BURGLARY
756,341,CRIMINAL DAMAGE
101,477,CRIMINAL TRESPASS
253,414,OTHER OFFENSE
699,233,ROBBERY
466,346,BATTERY
206,378,MOTOR VEHICLE THEFT
685,348,BURGLARY
211,482,BATTERY
255,470,NARCOTICS
763,374,MOTOR VEHICLE THEFT
345,449,ASSAULT
176,399,BATTERY
193,543,ROBBERY
603,305,MOTOR VEHICLE THEFT
265,531,CRIMINAL DAMAGE
580,285,OTHER OFFENSE
340,270,OTHER OFFENSE
343,449,ROBBERY
633,176,BURGLARY
519,296,DECEPTIVE PRACTICE
705,115,OTHER OFFENSE
797,379,ASSAULT
440,442,BATTERY
581,295,MOTOR VEHICLE THEFT
578,401,THEFT
529,316,NARCOTICS
452,450,THEFT
149,540,CRIMINAL DAMAGE
499,329,OTHER OFFENSE
454,325,OTHER OFFENSE
312,418,THEFT
525,300,NARCOTICS
62,455,ROBBERY
66,453,OTHER OFFENSE
588,250,THEFT
440,292,OTHER OFFENSE
358,476,THEFT
480,315,BATTERY
493,396,THEFT
614,263,ROBBERY
277,342,ASSAULT
527,441,THEFT
315,395,OTHER OFFENSE
621,298,OFFENSE INVOLVING CHILDREN
633,234,THEFT
561,270,THEFT
267,355,BATTERY
528,302,BATTERY
397,455,CRIMINAL DAMAGE
289,477,INTERFERENCE WITH PUBLIC OFFICER
544,237,ROBBERY
463,284,THEFT
560,352,BURGLARY
301,428,NARCOTICS
651,131,THEFT
468,279,NARCOTICS
61,435,THEFT
637,232,BATTERY
603,322,ROBBERY
495,251,NARCOTICS
393,377,THEFT
685,174,MOTOR VEHICLE THEFT
777,343,ASSAULT
702,26,OTHER OFFENSE
362,420,NARCOTICS
295,343,MOTOR VEHICLE THEFT
526,259,NARCOTICS
140,448,ROBBERY
240,432,THEFT
165,536,NARCOTICS
393,415,BURGLARY
288,462,BATTERY
576,362,MOTOR VEHICLE THEFT
171,555,OTHER OFFENSE
15,471,BURGLARY
61,447,DECEPTIVE PRACTICE
224,434,THEFT
195,513,MOTOR VEHICLE THEFT
497,282,NARCOTICS
397,376,CRIMINAL TRESPASS
488,321,NARCOTICS
250,328,BATTERY
485,376,THEFT
771,342,BURGLARY
502,426,CRIMINAL TRESPASS
559,429,OTHER OFFENSE
476,294,NARCOTICS
440,450,THEFT
103,468,NARCOTICS
232,273,THEFT
602,360,THEFT
284,322,OTHER OFFENSE
388,453,OTHER OFFENSE
282,384,THEFT
498,227,OFFENSE INVOLVING CHILDREN
516,301,NARCOTICS
182,406,OTHER OFFENSE
609,406,THEFT
700,291,BATTERY
746,321,LIQUOR LAW VIOLATION
184,433,BATTERY
286,477,OTHER OFFENSE
343,480,CRIMINAL DAMAGE
318,496,ROBBERY
472,329,CRIMINAL DAMAGE
550,293,CRIMINAL DAMAGE
592,234,ASSAULT
495,285,NARCOTICS
469,296,NARCOTICS
274,240,BATTERY
96,458,BATTERY
203,509,ROBBERY
751,363,ROBBERY
268,411,NARCOTICS
493,258,BATTERY
605,427,THEFT
747,379,THEFT
549,441,PUBLIC PEACE VIOLATION
714,329,BURGLARY
347,378,BATTERY
233,509,OTHER OFFENSE
693,296,CRIMINAL DAMAGE
220,553,CRIMINAL DAMAGE
504,343,THEFT
293,477,ASSAULT
306,415,BATTERY
194,551,THEFT
591,255,BATTERY
391,464,MOTOR VEHICLE THEFT
148,539,THEFT
300,378,ASSAULT
171,440,NARCOTICS
575,417,THEFT
412,453,BURGLARY
223,419,BATTERY
316,412,BATTERY
762,155,BURGLARY
529,455,THEFT
291,506,BATTERY
117,596,OTHER OFFENSE
128,441,ASSAULT
499,355,OTHER OFFENSE
470,300,NARCOTICS
510,427,THEFT
716,341,ASSAULT
615,209,BATTERY
280,462,BATTERY
538,244,OTHER OFFENSE
263,402,BATTERY
403,409,BATTERY
287,430,NARCOTICS
529,300,NARCOTICS
235,535,ASSAULT
445,283,OTHER OFFENSE
83,297,THEFT
701,26,NARCOTICS
505,444,DECEPTIVE PRACTICE
162,421,THEFT
292,471,THEFT
548,439,THEFT
258,414,BATTERY
400,328,MOTOR VEHICLE THEFT
202,429,NARCOTICS
461,395,BATTERY
328,302,ROBBERY
328,300,ROBBERY
285,404,OTHER OFFENSE
495,291,NARCOTICS
370,451,THEFT
490,254,BATTERY
577,313,NARCOTICS
298,462,ASSAULT
547,343,ASSAULT
488,371,ROBBERY
315,422,CRIMINAL DAMAGE
512,267,BATTERY
499,227,OTHER OFFENSE
512,292,THEFT
668,261,OTHER OFFENSE
482,445,THEFT
360,479,CRIMINAL DAMAGE
268,502,THEFT
646,221,ROBBERY
225,477,NARCOTICS
260,520,NARCOTICS
297,392,CRIMINAL DAMAGE
741,400,CRIMINAL DAMAGE
451,397,NARCOTICS
491,297,NARCOTICS
658,323,NARCOTICS
462,401,BATTERY
302,462,THEFT
190,471,CRIMINAL DAMAGE
712,399,THEFT
741,400,THEFT
215,482,BATTERY
441,298,NARCOTICS
260,355,CRIMINAL DAMAGE
142,486,CRIMINAL DAMAGE
153,554,NARCOTICS
342,356,BURGLARY
232,470,BATTERY
694,340,BURGLARY
171,420,THEFT
556,447,THEFT
451,394,CRIMINAL TRESPASS
214,433,NARCOTICS
301,332,BURGLARY
478,426,CRIMINAL DAMAGE
93,444,BATTERY
338,449,ASSAULT
227,557,ROBBERY
175,395,MOTOR VEHICLE THEFT
470,447,CRIMINAL TRESPASS
300,460,OTHER OFFENSE
474,427,THEFT
347,296,BURGLARY
538,449,DECEPTIVE PRACTICE
429,331,OTHER OFFENSE
599,281,ASSAULT
512,441,DECEPTIVE PRACTICE
497,265,NARCOTICS
525,254,BURGLARY
530,307,NARCOTICS
652,202,CRIMINAL DAMAGE
172,535,ROBBERY
527,456,THEFT
202,418,THEFT
567,223,NARCOTICS
336,481,THEFT
249,401,NARCOTICS
436,365,THEFT
346,392,ROBBERY
447,391,THEFT
215,484,ASSAULT
586,218,BATTERY
422,342,SEX OFFENSE
494,239,BATTERY
672,390,THEFT
235,535,PUBLIC PEACE VIOLATION
536,294,BATTERY
427,313,THEFT
355,386,BATTERY
257,525,BATTERY
598,258,MOTOR VEHICLE THEFT
493,444,ASSAULT
493,267,THEFT
496,266,NARCOTICS
547,249,NARCOTICS
480,299,BATTERY
790,376,THEFT
591,325,THEFT
303,341,MOTOR VEHICLE THEFT
560,372,THEFT
743,332,BATTERY
148,421,NARCOTICS
490,374,CRIMINAL DAMAGE
222,302,CRIMINAL DAMAGE
521,442,NARCOTICS
615,276,THEFT
317,461,THEFT
224,447,CRIMINAL TRESPASS
431,345,NARCOTICS
559,387,THEFT
324,335,ROBBERY
386,291,THEFT
701,365,ASSAULT
285,482,BATTERY
445,325,ROBBERY
238,540,NARCOTICS
351,474,ASSAULT
303,460,THEFT
279,379,BATTERY
493,267,MOTOR VEHICLE THEFT
290,297,NARCOTICS
606,257,BURGLARY
237,407,CRIMINAL DAMAGE
325,385,CRIMINAL DAMAGE
101,461,THEFT
288,355,OTHER OFFENSE
499,294,THEFT
510,438,DECEPTIVE PRACTICE
320,392,BURGLARY
777,173,THEFT
179,393,BATTERY
558,389,THEFT
265,444,CRIMINAL DAMAGE
589,414,BURGLARY
120,538,OTHER OFFENSE
106,404,THEFT
600,409,BURGLARY
229,496,OTHER OFFENSE
744,389,MOTOR VEHICLE THEFT
162,389,BATTERY
637,234,THEFT
406,453,NARCOTICS
338,359,DECEPTIVE PRACTICE
58,479,DECEPTIVE PRACTICE
638,281,THEFT
101,422,SEX OFFENSE
622,251,ASSAULT
377,377,THEFT
506,252,BATTERY
287,506,THEFT
93,447,ROBBERY
605,201,THEFT
522,267,NARCOTICS
135,454,BATTERY
531,344,THEFT
495,345,BATTERY
171,393,THEFT
143,416,BATTERY
718,309,THEFT
271,521,NARCOTICS
531,326,THEFT
339,373,KIDNAPPING
217,349,THEFT
332,417,OTHER OFFENSE
561,270,THEFT
527,352,THEFT
269,359,BURGLARY
334,373,NARCOTICS
194,456,BATTERY
491,237,NARCOTICS
256,529,NARCOTICS
428,387,NARCOTICS
614,412,CRIMINAL DAMAGE
561,307,BATTERY
647,384,THEFT
665,301,THEFT
537,303,NARCOTICS
576,307,OTHER OFFENSE
634,281,CRIMINAL DAMAGE
361,359,OTHER OFFENSE
535,388,MOTOR VEHICLE THEFT
705,357,THEFT
339,360,THEFT
557,344,BURGLARY
591,356,THEFT
316,284,BURGLARY
287,453,ASSAULT
510,412,BATTERY
668,205,MOTOR VEHICLE THEFT
495,277,THEFT
708,351,BATTERY
259,441,BATTERY
686,298,OTHER OFFENSE
561,311,BATTERY
629,277,CRIM SEXUAL ASSAULT
193,347,CRIMINAL DAMAGE
485,374,MOTOR VEHICLE THEFT
490,438,THEFT
542,240,MOTOR VEHICLE THEFT
765,382,THEFT
510,444,THEFT
227,511,CRIMINAL DAMAGE
639,372,THEFT
585,343,THEFT
625,176,ROBBERY
700,323,OTHER OFFENSE
668,304,ASSAULT
144,348,BATTERY
500,329,NARCOTICS
493,377,THEFT
737,395,ASSAULT
645,387,THEFT
232,273,THEFT
430,325,PUBLIC PEACE VIOLATION
211,393,ROBBERY
254,492,ROBBERY
558,341,NARCOTICS
553,378,CRIMINAL DAMAGE
720,376,THEFT
467,298,NARCOTICS
491,444,THEFT
249,451,THEFT
541,254,BATTERY
419,334,CRIMINAL DAMAGE
589,247,BATTERY
580,424,CRIMINAL DAMAGE
330,405,BATTERY
353,457,BATTERY
507,252,ROBBERY
471,437,THEFT
228,405,NARCOTICS
255,421,PUBLIC PEACE VIOLATION
135,432,MOTOR VEHICLE THEFT
766,379,WEAPONS VIOLATION
463,320,BATTERY
426,331,ROBBERY
88,390,NARCOTICS
253,340,CRIMINAL DAMAGE
225,480,NARCOTICS
319,452,CRIMINAL DAMAGE
609,348,OTHER OFFENSE
380,344,NARCOTICS
75,379,CRIMINAL DAMAGE
123,456,BATTERY
453,320,NARCOTICS
270,456,BATTERY
323,484,OTHER OFFENSE
732,385,CRIMINAL DAMAGE
632,412,BATTERY
614,235,ROBBERY
606,412,THEFT
543,346,CRIMINAL DAMAGE
513,414,THEFT
546,249,OTHER OFFENSE
477,288,OTHER OFFENSE
624,407,THEFT
302,404,MOTOR VEHICLE THEFT
576,302,ROBBERY
138,541,BATTERY
77,457,CRIMINAL DAMAGE
242,417,BATTERY
698,48,OTHER OFFENSE
551,289,OTHER OFFENSE
314,328,SEX OFFENSE
227,513,NARCOTICS
254,522,DECEPTIVE PRACTICE
496,296,NARCOTICS
247,396,OTHER OFFENSE
378,428,CRIMINAL DAMAGE
546,440,THEFT
524,437,PROSTITUTION
491,297,NARCOTICS
250,344,OTHER OFFENSE
143,410,CRIMINAL DAMAGE
556,250,NARCOTICS
567,369,THEFT
670,249,CRIMINAL DAMAGE
459,395,BATTERY
272,377,THEFT
318,410,BATTERY
67,455,CRIMINAL TRESPASS
66,447,NARCOTICS
26,465,BURGLARY
538,388,THEFT
104,458,BURGLARY
701,331,CRIMINAL DAMAGE
192,429,CRIMINAL DAMAGE
498,444,BATTERY
267,512,BATTERY
233,286,CRIMINAL DAMAGE
284,389,BATTERY
746,345,BATTERY
267,349,THEFT
653,267,THEFT
202,416,BATTERY
793,356,BATTERY
350,333,THEFT
130,467,BURGLARY
493,252,ASSAULT
395,376,BATTERY
318,412,BATTERY
225,478,DECEPTIVE PRACTICE
609,307,OTHER OFFENSE
602,234,INTERFERENCE WITH PUBLIC OFFICER
427,340,BATTERY
772,362,INTERFERENCE WITH PUBLIC OFFICER
314,379,ASSAULT
199,397,BATTERY
293,464,BATTERY
608,247,CRIMINAL DAMAGE
193,444,THEFT
219,493,BURGLARY
161,492,CRIMINAL DAMAGE
462,400,CRIMINAL DAMAGE
410,317,CRIMINAL DAMAGE
182,512,BATTERY
329,256,MOTOR VEHICLE THEFT
291,220,DECEPTIVE PRACTICE
266,461,OTHER OFFENSE
750,193,OTHER OFFENSE
538,338,THEFT
263,447,THEFT
506,256,ASSAULT
285,410,NARCOTICS
565,222,BATTERY
135,424,NARCOTICS
531,301,NARCOTICS
534,288,THEFT
347,340,MOTOR VEHICLE THEFT
13,566,THEFT
314,354,BATTERY
533,443,ROBBERY
513,449,DECEPTIVE PRACTICE
642,414,THEFT
788,348,CRIMINAL TRESPASS
103,361,THEFT
222,511,ASSAULT
85,582,BURGLARY
577,397,THEFT
103,466,THEFT
223,379,BATTERY
100,458,BURGLARY
587,359,CRIMINAL TRESPASS
109,491,THEFT
223,451,BATTERY
102,444,CRIMINAL DAMAGE
383,424,THEFT
255,511,SEX OFFENSE
254,456,BATTERY
280,385,CRIMINAL DAMAGE
652,236,THEFT
559,176,THEFT
237,398,NARCOTICS
643,380,THEFT
106,440,PUBLIC PEACE VIOLATION
543,283,BATTERY
584,271,BATTERY
221,557,NARCOTICS
590,205,THEFT
391,464,MOTOR VEHICLE THEFT
537,222,OTHER OFFENSE
703,368,BATTERY
560,232,BATTERY
272,514,NARCOTICS
635,404,THEFT
334,401,MOTOR VEHICLE THEFT
717,381,BATTERY
553,360,DECEPTIVE PRACTICE
278,231,THEFT
499,266,THEFT
288,450,BATTERY
178,423,THEFT
523,237,BATTERY
549,266,PROSTITUTION
237,535,MOTOR VEHICLE THEFT
340,379,CRIMINAL DAMAGE
603,337,BURGLARY
583,291,CRIMINAL DAMAGE
499,274,PROSTITUTION
507,373,BURGLARY
86,457,BURGLARY
248,503,BATTERY
634,394,BURGLARY
486,322,NARCOTICS
218,391,THEFT
425,293,MOTOR VEHICLE THEFT
155,402,DECEPTIVE PRACTICE
582,400,THEFT
332,453,CRIMINAL TRESPASS
119,447,OTHER OFFENSE
280,331,PROSTITUTION
272,531,THEFT
499,286,ROBBERY
100,387,BATTERY
109,491,THEFT
575,408,BURGLARY
263,455,CRIMINAL DAMAGE
267,366,OTHER OFFENSE
499,253,NARCOTICS
505,439,THEFT
760,381,BATTERY
237,302,ASSAULT
724,228,BATTERY
351,372,THEFT
483,260,NARCOTICS
748,370,MOTOR VEHICLE THEFT
610,344,CRIMINAL DAMAGE
427,451,ASSAULT
756,390,MOTOR VEHICLE THEFT
576,294,OTHER OFFENSE
235,524,THEFT
513,253,ROBBERY
522,257,BURGLARY
483,342,NARCOTICS
186,506,THEFT
697,351,NARCOTICS
528,365,OTHER OFFENSE
547,378,THEFT
509,444,NARCOTICS
207,435,THEFT
672,238,BATTERY
636,384,MOTOR VEHICLE THEFT
554,296,NARCOTICS
490,241,NARCOTICS
549,434,THEFT
259,347,CRIMINAL DAMAGE
267,414,BATTERY
463,344,BATTERY
498,377,BATTERY
219,373,THEFT
301,420,CRIMINAL DAMAGE
225,557,CRIMINAL DAMAGE
159,578,THEFT
546,262,BATTERY
685,316,CRIMINAL DAMAGE
492,358,BATTERY
248,469,THEFT
462,315,BATTERY
544,392,DECEPTIVE PRACTICE
77,441,BURGLARY
334,392,BATTERY
408,399,ASSAULT
124,437,THEFT
587,421,THEFT
466,308,OTHER OFFENSE
791,361,BURGLARY
257,465,CRIMINAL DAMAGE
673,402,NARCOTICS
442,318,CRIM SEXUAL ASSAULT
484,340,OTHER OFFENSE
349,486,ASSAULT
337,456,BATTERY
437,357,THEFT
300,344,ROBBERY
533,309,NARCOTICS
465,328,ROBBERY
619,412,THEFT
683,346,CRIMINAL DAMAGE
699,348,NARCOTICS
471,445,THEFT
131,418,BATTERY
504,366,MOTOR VEHICLE THEFT
512,344,THEFT
246,550,OTHER OFFENSE
602,211,OTHER OFFENSE
359,386,NARCOTICS
604,331,MOTOR VEHICLE THEFT
453,327,NARCOTICS
707,24,THEFT
305,272,NARCOTICS
230,487,OTHER OFFENSE
573,299,CRIMINAL DAMAGE
271,433,THEFT
770,366,ASSAULT
195,545,NARCOTICS
561,294,THEFT
105,451,NARCOTICS
539,398,THEFT
196,413,BATTERY
277,424,ROBBERY
304,450,BATTERY
193,567,OTHER OFFENSE
157,490,THEFT
57,430,BATTERY
502,411,DECEPTIVE PRACTICE
619,360,CRIMINAL DAMAGE
701,347,NARCOTICS
620,296,THEFT
346,390,BATTERY
554,238,ASSAULT
700,290,THEFT
264,301,MOTOR VEHICLE THEFT
263,477,ROBBERY
499,275,PROSTITUTION
496,239,OFFENSE INVOLVING CHILDREN
407,320,WEAPONS VIOLATION
504,435,BATTERY
510,438,DECEPTIVE PRACTICE
263,417,THEFT
499,444,DECEPTIVE PRACTICE
681,239,CRIMINAL DAMAGE
108,422,THEFT
141,427,OTHER OFFENSE
259,355,BATTERY
509,457,THEFT
438,346,THEFT
371,461,DECEPTIVE PRACTICE
245,323,BURGLARY
234,549,OTHER OFFENSE
686,306,OTHER OFFENSE
499,445,THEFT
587,363,ASSAULT
509,235,ASSAULT
493,403,THEFT
560,238,OTHER OFFENSE
493,444,DECEPTIVE PRACTICE
783,368,BATTERY
558,431,THEFT
546,440,THEFT
686,299,BURGLARY
638,368,BURGLARY
89,390,BATTERY
328,348,ASSAULT
624,406,THEFT
523,446,THEFT
517,258,NARCOTICS
556,249,NARCOTICS
251,418,NARCOTICS
618,174,LIQUOR LAW VIOLATION
561,266,DECEPTIVE PRACTICE
161,387,NARCOTICS
384,328,OTHER OFFENSE
450,379,CRIMINAL DAMAGE
497,291,NARCOTICS
757,380,BATTERY
793,376,NARCOTICS
257,522,MOTOR VEHICLE THEFT
256,408,CRIMINAL TRESPASS
261,415,MOTOR VEHICLE THEFT
509,239,THEFT
605,239,ASSAULT
264,423,NARCOTICS
134,467,THEFT
316,295,BURGLARY
548,443,MOTOR VEHICLE THEFT
553,411,THEFT
274,373,THEFT
510,444,THEFT
415,322,BURGLARY
264,308,CRIMINAL DAMAGE
406,437,THEFT
219,485,CRIMINAL DAMAGE
344,421,ASSAULT
480,309,CRIMINAL TRESPASS
480,332,NARCOTICS
41,433,CRIMINAL DAMAGE
304,479,DECEPTIVE PRACTICE
172,395,BURGLARY
296,389,BATTERY
502,238,DECEPTIVE PRACTICE
559,428,THEFT
712,115,THEFT
538,450,BATTERY
505,321,OTHER OFFENSE
368,343,THEFT
331,329,BATTERY
272,506,THEFT
257,524,ASSAULT
725,386,ARSON
209,414,OTHER OFFENSE
74,452,NARCOTICS
561,270,CRIMINAL TRESPASS
498,254,CRIMINAL DAMAGE
365,343,PUBLIC PEACE VIOLATION
509,316,BATTERY
562,324,ASSAULT
778,378,ASSAULT
253,334,BATTERY
489,301,NARCOTICS
502,304,THEFT
648,397,NARCOTICS
275,371,CRIMINAL DAMAGE
507,276,OTHER OFFENSE
576,380,DECEPTIVE PRACTICE
566,369,THEFT
692,328,THEFT
472,445,NARCOTICS
651,323,MOTOR VEHICLE THEFT
620,251,OTHER OFFENSE
470,447,CRIMINAL TRESPASS
488,322,NARCOTICS
615,396,THEFT
689,344,CRIMINAL DAMAGE
202,291,OTHER OFFENSE
494,346,BATTERY
705,180,CRIMINAL DAMAGE
190,382,MOTOR VEHICLE THEFT
205,415,BATTERY
367,433,MOTOR VEHICLE THEFT
588,261,CRIMINAL DAMAGE
438,327,NARCOTICS
313,454,CRIMINAL DAMAGE
668,369,THEFT
426,328,THEFT
152,451,CRIMINAL DAMAGE
548,355,BATTERY
228,557,NARCOTICS
370,456,THEFT
299,404,BATTERY
274,502,CRIMINAL DAMAGE
593,334,BURGLARY
543,263,BATTERY
715,406,BATTERY
657,385,OTHER OFFENSE
207,554,CRIMINAL DAMAGE
494,449,BATTERY
566,215,WEAPONS VIOLATION
307,457,OTHER OFFENSE
118,398,OTHER OFFENSE
501,423,THEFT
295,417,BURGLARY
465,299,BURGLARY
527,323,NARCOTICS
637,240,BATTERY
488,322,NARCOTICS
283,462,BATTERY
228,400,THEFT
502,444,THEFT
440,424,CRIMINAL TRESPASS
645,287,ROBBERY
671,381,CRIMINAL DAMAGE
224,361,THEFT
702,313,THEFT
194,444,THEFT
389,464,MOTOR VEHICLE THEFT
208,486,ROBBERY
274,391,NARCOTICS
502,442,THEFT
562,361,OTHER OFFENSE
728,350,CRIMINAL DAMAGE
606,317,BATTERY
352,384,BATTERY
388,382,OTHER OFFENSE
199,478,THEFT
693,177,BURGLARY
506,252,BATTERY
324,285,MOTOR VEHICLE THEFT
739,354,ROBBERY
503,323,THEFT
509,296,DECEPTIVE PRACTICE
118,398,OTHER OFFENSE
536,229,ASSAULT
367,349,CRIMINAL DAMAGE
685,287,OTHER OFFENSE
768,381,MOTOR VEHICLE THEFT
190,536,NARCOTICS
310,462,MOTOR VEHICLE THEFT
286,449,THEFT
219,393,BATTERY
502,443,LIQUOR LAW VIOLATION
582,392,CRIMINAL TRESPASS
158,459,BURGLARY
491,270,BATTERY
121,591,BATTERY
470,401,BATTERY
133,589,OTHER OFFENSE
341,476,BATTERY
502,360,BATTERY
509,390,THEFT
618,359,BATTERY
447,423,BATTERY
270,525,BATTERY
614,251,CRIMINAL DAMAGE
295,308,CRIMINAL DAMAGE
431,306,BATTERY
312,396,ROBBERY
348,301,ROBBERY
530,305,NARCOTICS
165,523,THEFT
468,313,OTHER OFFENSE
480,317,NARCOTICS
217,343,OTHER OFFENSE
597,405,THEFT
238,465,OTHER OFFENSE
409,293,OTHER OFFENSE
617,320,THEFT
654,306,BATTERY
309,199,THEFT
401,374,ROBBERY
465,306,NARCOTICS
401,374,DECEPTIVE PRACTICE
468,305,NARCOTICS
201,546,BATTERY
477,223,BATTERY
154,445,THEFT
216,324,BATTERY
485,297,MOTOR VEHICLE THEFT
554,378,THEFT
236,437,MOTOR VEHICLE THEFT
710,398,OTHER OFFENSE
729,398,DECEPTIVE PRACTICE
526,318,NARCOTICS
263,459,BATTERY
576,292,MOTOR VEHICLE THEFT
109,491,THEFT
470,447,CRIMINAL TRESPASS
226,514,OFFENSE INVOLVING CHILDREN
256,444,ROBBERY
646,308,DECEPTIVE PRACTICE
612,419,THEFT
613,341,ROBBERY
471,427,CRIMINAL TRESPASS
138,472,THEFT
595,274,THEFT
419,315,BATTERY
328,244,THEFT
541,303,NARCOTICS
684,247,BATTERY
321,482,THEFT
563,317,BATTERY
349,281,BURGLARY
592,328,BATTERY
689,241,DECEPTIVE PRACTICE
349,421,THEFT
551,245,BATTERY
623,309,DECEPTIVE PRACTICE
301,201,THEFT
498,239,THEFT
166,438,CRIMINAL DAMAGE
509,412,THEFT
264,513,BURGLARY
774,388,BURGLARY
701,116,BATTERY
530,308,BATTERY
598,188,DECEPTIVE PRACTICE
211,394,BURGLARY
546,443,DECEPTIVE PRACTICE
510,438,CRIMINAL TRESPASS
658,348,BURGLARY
344,421,PUBLIC PEACE VIOLATION
583,249,BATTERY
247,470,THEFT
450,401,CRIMINAL DAMAGE
623,306,THEFT
470,447,CRIMINAL TRESPASS
615,273,BATTERY
213,524,THEFT
381,477,THEFT
389,464,ASSAULT
456,325,THEFT
241,525,WEAPONS VIOLATION
547,229,BURGLARY
315,424,BATTERY
529,393,THEFT
529,451,THEFT
480,315,NARCOTICS
725,386,CRIMINAL DAMAGE
716,197,BATTERY
643,324,BATTERY
364,340,BATTERY
328,359,CRIMINAL DAMAGE
497,281,NARCOTICS
214,433,THEFT
519,430,ASSAULT
328,389,CRIMINAL DAMAGE
331,329,BATTERY
680,129,ASSAULT
325,249,BURGLARY
529,449,BATTERY
280,497,ASSAULT
386,329,THEFT
468,305,CRIMINAL TRESPASS
684,272,OTHER OFFENSE
378,458,NARCOTICS
486,271,NARCOTICS
207,322,BATTERY
790,361,OTHER OFFENSE
272,503,WEAPONS VIOLATION
695,372,BATTERY
705,279,THEFT
142,409,THEFT
764,394,THEFT
246,434,BATTERY
346,390,BATTERY
489,450,ROBBERY
707,24,OTHER OFFENSE
502,230,THEFT
227,453,THEFT
239,480,THEFT
342,351,BATTERY
781,376,BATTERY
217,550,DECEPTIVE PRACTICE
737,318,KIDNAPPING
364,464,ROBBERY
223,390,CRIMINAL TRESPASS
699,337,CRIMINAL TRESPASS
636,239,THEFT
300,414,PROSTITUTION
70,410,MOTOR VEHICLE THEFT
510,407,DECEPTIVE PRACTICE
535,450,DECEPTIVE PRACTICE
495,291,BATTERY
496,423,DECEPTIVE PRACTICE
336,500,THEFT
581,295,NARCOTICS
793,376,NARCOTICS
290,345,OTHER OFFENSE
685,335,BATTERY
741,314,THEFT
286,462,PUBLIC PEACE VIOLATION
527,322,NARCOTICS
289,499,THEFT
360,386,CRIMINAL DAMAGE
207,435,THEFT
593,367,SEX OFFENSE
102,454,BATTERY
492,341,NARCOTICS
323,388,BATTERY
561,270,CRIMINAL TRESPASS
389,416,CRIMINAL DAMAGE
323,289,BATTERY
164,537,ROBBERY
211,517,OFFENSE INVOLVING CHILDREN
482,310,NARCOTICS
327,493,DECEPTIVE PRACTICE
700,401,BATTERY
730,221,THEFT
194,478,ROBBERY
505,256,OTHER OFFENSE
166,448,BATTERY
20,461,BATTERY
546,337,ROBBERY
579,406,CRIMINAL DAMAGE
553,446,OTHER OFFENSE
668,233,ROBBERY
30,570,MOTOR VEHICLE THEFT
534,258,NARCOTICS
353,323,BATTERY
251,445,NARCOTICS
526,324,MOTOR VEHICLE THEFT
337,456,BATTERY
303,318,ARSON
121,462,BATTERY
284,372,NARCOTICS
101,479,ASSAULT
552,347,ASSAULT
165,449,DECEPTIVE PRACTICE
329,300,MOTOR VEHICLE THEFT
163,464,ROBBERY
675,401,THEFT
726,395,BATTERY
678,399,DECEPTIVE PRACTICE
601,247,THEFT
586,343,CRIMINAL TRESPASS
638,313,THEFT
485,367,THEFT
287,387,BATTERY
200,561,NARCOTICS
442,339,DECEPTIVE PRACTICE
341,381,THEFT
700,321,THEFT
461,305,OTHER OFFENSE
586,405,CRIMINAL TRESPASS
669,293,THEFT
480,310,NARCOTICS
458,316,OFFENSE INVOLVING CHILDREN
426,330,NARCOTICS
666,337,BATTERY
512,248,NARCOTICS
550,379,THEFT
301,398,ROBBERY
79,432,OFFENSE INVOLVING CHILDREN
442,287,DECEPTIVE PRACTICE
637,323,THEFT
568,227,BATTERY
231,513,OTHER OFFENSE
225,561,BATTERY
402,436,LIQUOR LAW VIOLATION
562,297,NARCOTICS
566,364,THEFT
508,363,CRIMINAL DAMAGE
269,359,BURGLARY
237,473,NARCOTICS
537,257,BATTERY
232,273,THEFT
545,286,NARCOTICS
193,316,BURGLARY
345,322,ASSAULT
502,251,BATTERY
225,423,NARCOTICS
141,471,THEFT
536,227,CRIMINAL DAMAGE
544,445,BATTERY
488,251,NARCOTICS
285,466,NARCOTICS
605,175,THEFT
283,304,CRIMINAL DAMAGE
306,405,BATTERY
365,358,BURGLARY
309,186,CRIMINAL DAMAGE
470,227,THEFT
648,385,BURGLARY
312,450,BATTERY
304,457,BURGLARY
662,404,THEFT
547,438,PUBLIC PEACE VIOLATION
287,453,THEFT
636,160,CRIMINAL DAMAGE
259,389,NARCOTICS
491,443,SEX OFFENSE
268,411,NARCOTICS
540,311,ASSAULT
488,337,WEAPONS VIOLATION
451,300,BURGLARY
499,283,ASSAULT
386,418,CRIMINAL DAMAGE
710,396,CRIMINAL DAMAGE
82,569,THEFT
741,353,THEFT
320,447,THEFT
485,249,OTHER OFFENSE
306,458,NARCOTICS
261,397,THEFT
763,372,NARCOTICS
312,359,BATTERY
623,294,BATTERY
666,324,BATTERY
523,320,NARCOTICS
562,321,THEFT
510,440,CRIMINAL TRESPASS
604,427,CRIMINAL DAMAGE
287,326,CRIMINAL TRESPASS
509,415,ROBBERY
707,342,CRIMINAL DAMAGE
535,450,DECEPTIVE PRACTICE
574,380,THEFT
391,464,CRIMINAL TRESPASS
295,323,MOTOR VEHICLE THEFT
288,474,ASSAULT
350,336,BATTERY
528,237,THEFT
245,425,NARCOTICS
586,406,THEFT
562,326,CRIMINAL TRESPASS
483,449,THEFT
228,276,ROBBERY
75,399,BURGLARY
489,266,NARCOTICS
333,468,THEFT
281,402,BATTERY
423,324,NARCOTICS
124,439,CRIMINAL DAMAGE
225,312,ASSAULT
325,385,CRIMINAL DAMAGE
504,246,OTHER OFFENSE
308,455,NARCOTICS
598,329,THEFT
783,359,CRIMINAL DAMAGE
410,399,MOTOR VEHICLE THEFT
583,250,MOTOR VEHICLE THEFT
486,238,BATTERY
287,387,THEFT
316,391,THEFT
623,191,BURGLARY
249,522,BATTERY
566,369,THEFT
265,453,THEFT
355,379,THEFT
712,118,THEFT
263,447,DECEPTIVE PRACTICE
738,174,THEFT
393,402,THEFT
508,296,NARCOTICS
512,444,CRIMINAL TRESPASS
335,302,THEFT
495,444,CRIMINAL DAMAGE
438,350,DECEPTIVE PRACTICE
220,447,BATTERY
678,398,NARCOTICS
444,414,WEAPONS VIOLATION
546,288,NARCOTICS
484,331,BATTERY
681,398,NARCOTICS
139,541,OTHER OFFENSE
542,384,CRIMINAL DAMAGE
593,403,THEFT
187,570,THEFT
122,541,BURGLARY
521,426,THEFT
544,283,BURGLARY
576,332,OTHER OFFENSE
639,345,THEFT
21,460,BATTERY
510,438,DECEPTIVE PRACTICE
337,399,ROBBERY
232,273,THEFT
516,237,ASSAULT
332,440,OFFENSE INVOLVING CHILDREN
731,292,NARCOTICS
611,302,OFFENSE INVOLVING CHILDREN
154,451,THEFT
535,450,THEFT
699,29,OTHER OFFENSE
451,294,NARCOTICS
482,435,THEFT
538,298,ROBBERY
293,201,ASSAULT
692,261,OTHER OFFENSE
499,318,NARCOTICS
556,380,CRIMINAL DAMAGE
577,295,BATTERY
675,411,NARCOTICS
619,419,THEFT
625,419,THEFT
276,313,CRIMINAL DAMAGE
560,237,NARCOTICS
609,311,CRIMINAL DAMAGE
540,292,BATTERY
326,244,BURGLARY
468,285,INTERFERENCE WITH PUBLIC OFFICER
519,443,DECEPTIVE PRACTICE
85,390,THEFT
439,437,MOTOR VEHICLE THEFT
183,507,ROBBERY
471,427,THEFT
292,386,BATTERY
513,414,BATTERY
506,333,BATTERY
277,231,BATTERY
651,193,BATTERY
472,365,BATTERY
573,284,MOTOR VEHICLE THEFT
133,414,ROBBERY
559,295,PROSTITUTION
236,480,BATTERY
480,308,NARCOTICS
194,391,DECEPTIVE PRACTICE
532,437,THEFT
701,152,THEFT
495,444,DECEPTIVE PRACTICE
268,362,ASSAULT
523,320,NARCOTICS
271,331,THEFT
291,463,BATTERY
312,420,NARCOTICS
623,316,THEFT
470,307,NARCOTICS
491,312,CRIMINAL DAMAGE
196,306,BATTERY
195,551,BATTERY
608,391,THEFT
270,419,BATTERY
70,442,NARCOTICS
734,398,ASSAULT
141,367,BATTERY
354,421,CRIMINAL DAMAGE
314,460,CRIMINAL DAMAGE
275,345,MOTOR VEHICLE THEFT
223,485,THEFT
131,414,WEAPONS VIOLATION
438,323,THEFT
509,296,DECEPTIVE PRACTICE
685,317,NARCOTICS
512,446,NARCOTICS
508,448,DECEPTIVE PRACTICE
462,320,CRIMINAL DAMAGE
400,303,NARCOTICS
271,441,ROBBERY
505,280,BATTERY
492,442,THEFT
329,502,BATTERY
194,491,THEFT
128,575,BURGLARY
466,313,ROBBERY
549,245,BATTERY
499,251,NARCOTICS
159,536,BATTERY
468,282,THEFT
480,289,ROBBERY
499,246,NARCOTICS
487,254,BATTERY
643,399,NARCOTICS
354,347,CRIMINAL DAMAGE
636,403,THEFT
63,485,BATTERY
280,330,THEFT
351,422,MOTOR VEHICLE THEFT
557,386,BATTERY
670,313,ASSAULT
686,317,ROBBERY
325,462,OFFENSE INVOLVING CHILDREN
540,266,ASSAULT
507,385,BATTERY
163,449,DECEPTIVE PRACTICE
229,542,ROBBERY
248,359,WEAPONS VIOLATION
24,482,BATTERY
662,410,THEFT
603,359,THEFT
541,444,THEFT
469,427,CRIMINAL TRESPASS
331,504,MOTOR VEHICLE THEFT
181,406,BATTERY
728,382,BATTERY
204,385,WEAPONS VIOLATION
792,359,ASSAULT
500,318,NARCOTICS
605,201,THEFT
168,406,MOTOR VEHICLE THEFT
108,454,PROSTITUTION
222,507,ROBBERY
788,372,BATTERY
521,450,THEFT
191,497,OTHER OFFENSE
664,284,THEFT
445,409,CRIMINAL DAMAGE
672,315,BATTERY
261,529,CRIMINAL TRESPASS
549,438,DECEPTIVE PRACTICE
554,222,NARCOTICS
636,220,NARCOTICS
662,410,THEFT
240,435,THEFT
352,342,ASSAULT
264,444,BATTERY
317,461,BATTERY
219,390,CRIMINAL DAMAGE
223,407,NARCOTICS
732,278,BURGLARY
712,199,BURGLARY
652,405,CRIMINAL DAMAGE
220,478,CRIMINAL TRESPASS
593,384,DECEPTIVE PRACTICE
703,257,THEFT
533,259,CRIM SEXUAL ASSAULT
701,26,DECEPTIVE PRACTICE
266,450,BATTERY
493,407,DECEPTIVE PRACTICE
547,388,ROBBERY
424,372,THEFT
369,458,BATTERY
594,393,THEFT
222,534,THEFT
321,197,ASSAULT
209,416,MOTOR VEHICLE THEFT
533,379,BURGLARY
437,286,OTHER OFFENSE
581,304,CRIMINAL DAMAGE
60,462,BATTERY
548,443,THEFT
606,237,THEFT
263,447,DECEPTIVE PRACTICE
345,405,BATTERY
263,447,ASSAULT
142,421,BATTERY
672,249,THEFT
530,248,NARCOTICS
467,424,THEFT
593,406,THEFT
244,443,BATTERY
357,480,NARCOTICS
508,284,BATTERY
528,393,CRIMINAL DAMAGE
580,394,THEFT
600,317,SEX OFFENSE
687,335,ASSAULT
229,513,BATTERY
335,383,ASSAULT
538,420,BATTERY
169,421,CRIMINAL TRESPASS
289,433,PUBLIC PEACE VIOLATION
566,359,MOTOR VEHICLE THEFT
632,353,THEFT
277,382,CRIMINAL DAMAGE
147,465,THEFT
532,376,ASSAULT
682,382,MOTOR VEHICLE THEFT
618,256,THEFT
247,536,PUBLIC PEACE VIOLATION
283,351,THEFT
483,319,NARCOTICS
556,369,THEFT
447,422,THEFT
421,434,NARCOTICS
573,192,BATTERY
522,269,CRIMINAL DAMAGE
468,330,NARCOTICS
499,283,INTERFERENCE WITH PUBLIC OFFICER
365,350,CRIMINAL DAMAGE
672,315,ASSAULT
579,223,OTHER OFFENSE
81,415,BATTERY
616,315,BATTERY
532,369,NARCOTICS
530,253,ROBBERY
313,398,ROBBERY
263,441,THEFT
548,428,DECEPTIVE PRACTICE
220,480,BATTERY
276,425,THEFT
225,478,DECEPTIVE PRACTICE
468,445,CRIMINAL TRESPASS
516,237,CRIMINAL DAMAGE
430,368,THEFT
305,374,BURGLARY
538,238,BATTERY
444,342,THEFT
235,434,BATTERY
267,275,THEFT
601,246,CRIMINAL DAMAGE
309,378,BATTERY
298,356,CRIMINAL DAMAGE
299,194,DECEPTIVE PRACTICE
537,303,NARCOTICS
314,435,NARCOTICS
419,460,BURGLARY
175,420,THEFT
262,527,NARCOTICS
542,362,BURGLARY
207,332,CRIMINAL TRESPASS
549,364,CRIMINAL TRESPASS
669,256,OTHER OFFENSE
627,228,ROBBERY
626,242,ROBBERY
442,287,DECEPTIVE PRACTICE
236,432,BURGLARY
560,251,NARCOTICS
147,402,ROBBERY
634,250,CRIMINAL DAMAGE
495,293,NARCOTICS
264,301,ASSAULT
235,551,PROSTITUTION
367,339,NARCOTICS
235,551,PROSTITUTION
133,533,OTHER OFFENSE
606,319,THEFT
701,125,MOTOR VEHICLE THEFT
774,374,WEAPONS VIOLATION
229,543,BATTERY
567,338,OTHER OFFENSE
565,434,THEFT
292,479,INTERFERENCE WITH PUBLIC OFFICER
637,234,NARCOTICS
229,331,BATTERY
480,238,NARCOTICS
211,389,THEFT
528,390,CRIMINAL DAMAGE
564,237,NARCOTICS
240,450,THEFT
778,367,BATTERY
345,299,BATTERY
303,460,OTHER OFFENSE
223,394,ROBBERY
785,174,CRIMINAL DAMAGE
580,214,BURGLARY
324,261,THEFT
559,313,BURGLARY
662,321,BATTERY
533,444,THEFT
218,500,CRIMINAL DAMAGE
413,459,PUBLIC PEACE VIOLATION
334,384,PUBLIC PEACE VIOLATION
222,488,CRIMINAL DAMAGE
335,302,THEFT
632,287,THEFT
529,445,THEFT
350,351,CRIMINAL DAMAGE
188,550,THEFT
482,315,NARCOTICS
256,379,NARCOTICS
638,281,NARCOTICS
650,189,BATTERY
531,243,CRIMINAL DAMAGE
707,24,BATTERY
581,424,THEFT
559,176,THEFT
686,251,THEFT
389,459,NARCOTICS
579,266,BURGLARY
229,538,BATTERY
310,298,BATTERY
385,435,BATTERY
210,405,BATTERY
130,410,CRIMINAL DAMAGE
430,342,BATTERY
504,225,THEFT
748,358,NARCOTICS
529,318,NARCOTICS
438,357,THEFT
250,377,ASSAULT
333,324,ASSAULT
412,302,BATTERY
522,443,THEFT
695,339,BATTERY
664,334,MOTOR VEHICLE THEFT
528,269,NARCOTICS
463,294,ASSAULT
679,396,WEAPONS VIOLATION
622,320,CRIMINAL DAMAGE
245,504,NARCOTICS
481,264,NARCOTICS
272,503,NARCOTICS
542,278,CRIMINAL DAMAGE
692,349,BATTERY
175,508,MOTOR VEHICLE THEFT
96,455,MOTOR VEHICLE THEFT
535,278,CRIMINAL DAMAGE
438,458,PROSTITUTION
255,446,CRIMINAL TRESPASS
631,360,MOTOR VEHICLE THEFT
508,245,THEFT
536,305,NARCOTICS
383,375,BURGLARY
257,355,NARCOTICS
291,349,BATTERY
270,371,MOTOR VEHICLE THEFT
355,479,BATTERY
495,238,BATTERY
44,429,OTHER OFFENSE
496,448,CRIMINAL DAMAGE
287,475,THEFT
191,391,INTERFERENCE WITH PUBLIC OFFICER
548,442,BATTERY
747,328,THEFT
188,479,THEFT
702,313,BURGLARY
329,300,MOTOR VEHICLE THEFT
207,420,BURGLARY
753,329,ASSAULT
248,542,BATTERY
154,533,ASSAULT
580,314,BATTERY
478,300,BATTERY
560,251,THEFT
557,296,PROSTITUTION
565,293,NARCOTICS
227,323,OTHER OFFENSE
557,414,CRIMINAL DAMAGE
98,454,THEFT
227,377,BATTERY
509,350,DECEPTIVE PRACTICE
85,421,DECEPTIVE PRACTICE
422,342,ASSAULT
493,436,THEFT
545,266,ROBBERY
225,494,THEFT
532,399,BATTERY
536,449,THEFT
549,222,ASSAULT
226,389,ASSAULT
593,296,THEFT
444,331,OFFENSE INVOLVING CHILDREN
509,444,BATTERY
349,495,CRIMINAL DAMAGE
489,424,THEFT
688,318,NARCOTICS
286,439,DECEPTIVE PRACTICE
248,536,OTHER OFFENSE
255,446,CRIMINAL TRESPASS
226,542,PUBLIC PEACE VIOLATION
683,244,BURGLARY
342,403,BATTERY
346,469,OFFENSE INVOLVING CHILDREN
498,360,NARCOTICS
351,257,NARCOTICS
769,386,THEFT
282,385,OTHER OFFENSE
275,308,MOTOR VEHICLE THEFT
545,228,NARCOTICS
481,291,THEFT
512,237,NARCOTICS
499,328,NARCOTICS
499,299,NARCOTICS
522,392,CRIMINAL TRESPASS
763,388,BATTERY
617,191,OTHER OFFENSE
337,506,BATTERY
101,451,BATTERY
246,550,BATTERY
123,582,OTHER OFFENSE
483,352,MOTOR VEHICLE THEFT
672,251,BURGLARY
456,323,BATTERY
619,199,CRIMINAL DAMAGE
714,320,BURGLARY
462,397,BATTERY
561,270,ASSAULT
470,379,THEFT
724,307,THEFT
208,434,THEFT
160,430,DECEPTIVE PRACTICE
285,394,KIDNAPPING
471,307,NARCOTICS
506,444,DECEPTIVE PRACTICE
224,512,WEAPONS VIOLATION
572,318,OTHER OFFENSE
496,405,THEFT
499,300,NARCOTICS
507,297,BATTERY
469,342,NARCOTICS
694,401,NARCOTICS
100,387,THEFT
548,435,ASSAULT
546,325,THEFT
196,279,THEFT
117,464,BATTERY
207,327,BATTERY
277,363,NARCOTICS
200,515,BATTERY
561,270,THEFT
774,387,CRIMINAL TRESPASS
494,271,BURGLARY
229,520,CRIMINAL DAMAGE
334,504,BATTERY
682,245,BATTERY
601,244,BATTERY
785,388,BATTERY
327,491,THEFT
317,377,ROBBERY
531,449,THEFT
553,247,ROBBERY
522,250,THEFT
508,309,CRIMINAL DAMAGE
529,266,ASSAULT
493,279,THEFT
422,297,THEFT
186,534,ASSAULT
623,235,THEFT
202,552,MOTOR VEHICLE THEFT
558,377,CRIMINAL DAMAGE
703,362,BATTERY
256,522,CRIMINAL TRESPASS
490,409,CRIMINAL DAMAGE
257,522,NARCOTICS
529,437,THEFT
519,442,BATTERY
481,238,NARCOTICS
293,304,CRIMINAL DAMAGE
271,457,CRIMINAL DAMAGE
615,292,OTHER OFFENSE
707,351,THEFT
623,405,THEFT
649,235,OTHER OFFENSE
493,434,BATTERY
517,226,MOTOR VEHICLE THEFT
468,298,ROBBERY
165,472,ASSAULT
254,390,BATTERY
597,300,THEFT
285,481,ASSAULT
106,439,BATTERY
612,237,THEFT
540,358,CRIMINAL DAMAGE
276,506,ASSAULT
254,537,CRIMINAL DAMAGE
726,400,OTHER OFFENSE
571,380,BATTERY
561,317,DECEPTIVE PRACTICE
372,458,BATTERY
546,339,CRIMINAL TRESPASS
360,477,BATTERY
498,255,WEAPONS VIOLATION
232,451,OTHER OFFENSE
213,418,OTHER OFFENSE
559,290,ASSAULT
609,420,CRIM SEXUAL ASSAULT
419,293,BURGLARY
787,363,NARCOTICS
682,398,NARCOTICS
271,452,CRIMINAL TRESPASS
502,330,OTHER OFFENSE
635,316,THEFT
510,455,DECEPTIVE PRACTICE
503,324,NARCOTICS
216,388,BATTERY
268,453,BURGLARY
287,313,CRIMINAL DAMAGE
576,260,MOTOR VEHICLE THEFT
561,370,BATTERY
326,247,CRIMINAL DAMAGE
231,513,MOTOR VEHICLE THEFT
258,524,BATTERY
513,238,ROBBERY
304,401,OTHER OFFENSE
163,461,NARCOTICS
442,364,NARCOTICS
497,281,NARCOTICS
226,400,OTHER OFFENSE
225,549,BATTERY
307,428,BATTERY
440,421,THEFT
222,359,BATTERY
234,395,CRIMINAL DAMAGE
71,417,BATTERY
670,369,CRIMINAL DAMAGE
520,367,THEFT
470,447,CRIMINAL TRESPASS
235,405,ROBBERY
719,213,BATTERY
643,353,CRIMINAL TRESPASS
251,443,NARCOTICS
174,402,THEFT
508,462,BATTERY
222,376,BATTERY
560,266,THEFT
638,402,CRIMINAL TRESPASS
742,352,CRIMINAL DAMAGE
343,409,BATTERY
639,402,PUBLIC PEACE VIOLATION
532,280,THEFT
101,479,INTERFERENCE WITH PUBLIC OFFICER
625,412,THEFT
291,450,BATTERY
309,414,BATTERY
640,408,DECEPTIVE PRACTICE
502,328,NARCOTICS
66,453,OTHER OFFENSE
45,440,CRIMINAL DAMAGE
272,334,OTHER OFFENSE
462,401,ROBBERY
132,450,NARCOTICS
287,453,CRIMINAL TRESPASS
705,397,THEFT
310,420,NARCOTICS
449,381,CRIMINAL DAMAGE
268,525,NARCOTICS
680,293,NARCOTICS
533,448,THEFT
189,561,CRIMINAL DAMAGE
751,361,ASSAULT
214,482,THEFT
558,357,THEFT
260,382,THEFT
85,422,NARCOTICS
494,252,NARCOTICS
623,182,BATTERY
159,421,CRIMINAL TRESPASS
613,408,THEFT
563,414,CRIMINAL DAMAGE
559,176,THEFT
565,413,THEFT
213,478,WEAPONS VIOLATION
284,365,CRIMINAL DAMAGE
108,492,THEFT
695,345,BURGLARY
284,345,NARCOTICS
256,314,CRIMINAL DAMAGE
544,288,NARCOTICS
439,289,NARCOTICS
535,365,THEFT
730,380,DECEPTIVE PRACTICE
331,390,NARCOTICS
438,326,PUBLIC PEACE VIOLATION
317,330,NARCOTICS
575,289,OFFENSE INVOLVING CHILDREN
262,389,NARCOTICS
285,483,THEFT
355,326,CRIMINAL DAMAGE
491,266,NARCOTICS
422,332,DECEPTIVE PRACTICE
432,309,THEFT
681,324,ASSAULT
592,297,BURGLARY
26,477,BATTERY
311,311,NARCOTICS
577,404,CRIMINAL DAMAGE
534,372,THEFT
457,327,ROBBERY
423,305,MOTOR VEHICLE THEFT
245,530,OTHER OFFENSE
599,325,ASSAULT
296,466,BURGLARY
422,423,BURGLARY
513,250,BATTERY
335,302,CRIMINAL DAMAGE
545,256,NARCOTICS
554,256,BURGLARY
250,517,BURGLARY
491,444,CRIMINAL TRESPASS
481,280,MOTOR VEHICLE THEFT
477,294,THEFT
637,210,BURGLARY
404,284,BATTERY
129,405,THEFT
702,26,THEFT
535,450,THEFT
224,502,THEFT
221,559,BATTERY
558,344,THEFT
493,444,DECEPTIVE PRACTICE
486,322,BATTERY
790,350,THEFT
218,478,CRIMINAL TRESPASS
291,354,CRIMINAL DAMAGE
499,327,BATTERY
583,288,NARCOTICS
289,466,ROBBERY
286,422,BATTERY
572,198,CRIMINAL DAMAGE
506,361,MOTOR VEHICLE THEFT
552,422,THEFT
312,452,NARCOTICS
237,461,NARCOTICS
774,391,NARCOTICS
255,509,CRIMINAL DAMAGE
484,319,NARCOTICS
507,237,ASSAULT
549,258,NARCOTICS
104,408,OTHER OFFENSE
359,334,THEFT
524,320,THEFT
647,383,ROBBERY
546,258,NARCOTICS
57,423,NARCOTICS
527,318,BATTERY
753,366,THEFT
244,398,ASSAULT
799,373,CRIMINAL DAMAGE
567,380,MOTOR VEHICLE THEFT
642,417,CRIM SEXUAL ASSAULT
731,322,OTHER OFFENSE
216,411,BATTERY
215,392,ASSAULT
535,243,ASSAULT
332,441,BATTERY
734,375,BURGLARY
536,370,THEFT
631,393,THEFT
498,274,PROSTITUTION
316,382,OTHER OFFENSE
638,353,THEFT
129,405,BATTERY
144,498,NARCOTICS
330,502,THEFT
573,266,THEFT
554,320,BATTERY
254,396,CRIMINAL DAMAGE
769,368,BATTERY
285,404,DECEPTIVE PRACTICE
100,466,BATTERY
536,443,THEFT
495,295,OTHER OFFENSE
350,454,BATTERY
210,539,BATTERY
556,250,BATTERY
101,438,THEFT
700,347,THEFT
609,226,OTHER OFFENSE
578,205,THEFT
518,461,CRIMINAL TRESPASS
614,247,BATTERY
669,297,BATTERY
574,302,BATTERY
223,412,BATTERY
693,410,CRIMINAL DAMAGE
544,229,BATTERY
589,405,THEFT
470,312,NARCOTICS
502,444,DECEPTIVE PRACTICE
269,272,THEFT
675,401,CRIMINAL TRESPASS
290,463,THEFT
352,465,NARCOTICS
688,271,MOTOR VEHICLE THEFT
543,257,INTERFERENCE WITH PUBLIC OFFICER
101,456,ROBBERY
452,305,NARCOTICS
321,300,CRIMINAL DAMAGE
224,448,ASSAULT
533,257,NARCOTICS
542,305,NARCOTICS
507,252,ROBBERY
491,282,BATTERY
546,288,NARCOTICS
231,389,BATTERY
479,329,BATTERY
606,419,DECEPTIVE PRACTICE
350,472,MOTOR VEHICLE THEFT
764,359,BATTERY
488,400,ASSAULT
314,438,OTHER OFFENSE
562,301,BATTERY
504,224,CRIMINAL DAMAGE
502,387,OTHER OFFENSE
561,310,PROSTITUTION
252,346,BURGLARY
308,302,OTHER OFFENSE
555,426,CRIMINAL TRESPASS
98,309,CRIMINAL DAMAGE
122,434,MOTOR VEHICLE THEFT
26,476,BATTERY
223,451,ASSAULT
101,479,CRIMINAL DAMAGE
468,313,BATTERY
305,394,THEFT
225,455,THEFT
523,296,OTHER OFFENSE
438,342,BATTERY
346,389,INTERFERENCE WITH PUBLIC OFFICER
496,265,NARCOTICS
253,466,BATTERY
590,205,THEFT
371,451,CRIMINAL DAMAGE
430,317,NARCOTICS
698,313,BURGLARY
490,301,BATTERY
226,511,CRIMINAL DAMAGE
276,382,BATTERY
156,455,BATTERY
639,338,THEFT
425,306,BATTERY
131,402,BATTERY
640,404,ROBBERY
217,411,BATTERY
241,412,THEFT
224,419,THEFT
632,405,THEFT
295,340,PUBLIC PEACE VIOLATION
241,500,OTHER OFFENSE
439,378,BURGLARY
522,427,BATTERY
563,425,THEFT
608,276,BATTERY
507,341,THEFT
248,477,OTHER OFFENSE
668,401,BATTERY
648,365,CRIMINAL DAMAGE
705,115,OTHER OFFENSE
237,557,ROBBERY
195,533,CRIMINAL DAMAGE
499,240,NARCOTICS
656,418,MOTOR VEHICLE THEFT
785,381,DECEPTIVE PRACTICE
301,450,OTHER OFFENSE
555,342,CRIMINAL DAMAGE
26,474,ASSAULT
442,320,WEAPONS VIOLATION
611,405,CRIMINAL DAMAGE
729,395,NARCOTICS
177,397,BATTERY
101,479,BATTERY
537,356,ROBBERY